{"-1.0": {"precision": 0.0, "recall": NaN, "f1-score": 0.0, "support": 0.0}, "7.0": {"precision": 0.9714285714285714, "recall": 0.85, "f1-score": 0.9066666666666666, "support": 40.0}, "8.0": {"precision": 0.9393939393939394, "recall": 0.775, "f1-score": 0.8493150684931506, "support": 40.0}, "9.0": {"precision": 0.9090909090909091, "recall": 1.0, "f1-score": 0.9523809523809523, "support": 40.0}, "16.0": {"precision": 0.7142857142857143, "recall": 0.75, "f1-score": 0.7317073170731707, "support": 40.0}, "17.0": {"precision": 0.9512195121951219, "recall": 0.975, "f1-score": 0.9629629629629629, "support": 40.0}, "31.0": {"precision": 0.9024390243902439, "recall": 0.925, "f1-score": 0.9135802469135802, "support": 40.0}, "34.0": {"precision": 0.9047619047619048, "recall": 0.95, "f1-score": 0.926829268292683, "support": 40.0}, "41.0": {"precision": 0.8085106382978723, "recall": 0.95, "f1-score": 0.8735632183908046, "support": 40.0}, "49.0": {"precision": 1.0, "recall": 0.75, "f1-score": 0.8571428571428571, "support": 40.0}, "74.0": {"precision": 0.9302325581395349, "recall": 1.0, "f1-score": 0.963855421686747, "support": 40.0}, "accuracy": 0.8925, "macro avg": {"precision": 0.8210329792712557, "recall": 0.8925000000000001, "f1-score": 0.8125458163639614, "support": 400.0}, "weighted avg": {"precision": 0.9031362771983812, "recall": 0.8925, "f1-score": 0.8938003980003575, "support": 400.0}}