{"-1.0": {"precision": 0.0, "recall": NaN, "f1-score": 0.0, "support": 0.0}, "7.0": {"precision": 0.9714285714285714, "recall": 0.85, "f1-score": 0.9066666666666666, "support": 40.0}, "8.0": {"precision": 0.8717948717948718, "recall": 0.85, "f1-score": 0.8607594936708861, "support": 40.0}, "17.0": {"precision": 0.9523809523809523, "recall": 1.0, "f1-score": 0.975609756097561, "support": 40.0}, "22.0": {"precision": 0.8387096774193549, "recall": 0.65, "f1-score": 0.7323943661971831, "support": 40.0}, "23.0": {"precision": 1.0, "recall": 0.9, "f1-score": 0.9473684210526315, "support": 40.0}, "30.0": {"precision": 1.0, "recall": 0.975, "f1-score": 0.9873417721518988, "support": 40.0}, "31.0": {"precision": 0.9047619047619048, "recall": 0.95, "f1-score": 0.926829268292683, "support": 40.0}, "38.0": {"precision": 1.0, "recall": 0.25, "f1-score": 0.4, "support": 40.0}, "41.0": {"precision": 0.4588235294117647, "recall": 0.975, "f1-score": 0.624, "support": 40.0}, "49.0": {"precision": 0.8611111111111112, "recall": 0.775, "f1-score": 0.8157894736842105, "support": 40.0}, "accuracy": 0.8175, "macro avg": {"precision": 0.8053646016644119, "recall": 0.8174999999999999, "f1-score": 0.7433417470739745, "support": 400.0}, "weighted avg": {"precision": 0.8859010618308532, "recall": 0.8175, "f1-score": 0.817675921781372, "support": 400.0}}