{"-1.0": {"precision": 0.0, "recall": NaN, "f1-score": 0.0, "support": 0.0}, "0.0": {"precision": 0.5806451612903226, "recall": 0.9, "f1-score": 0.7058823529411765, "support": 40.0}, "2.0": {"precision": 0.48214285714285715, "recall": 0.675, "f1-score": 0.5625, "support": 40.0}, "5.0": {"precision": 0.34615384615384615, "recall": 0.675, "f1-score": 0.4576271186440678, "support": 40.0}, "7.0": {"precision": 0.8461538461538461, "recall": 0.275, "f1-score": 0.41509433962264153, "support": 40.0}, "8.0": {"precision": 0.7878787878787878, "recall": 0.65, "f1-score": 0.7123287671232876, "support": 40.0}, "9.0": {"precision": 0.4166666666666667, "recall": 0.625, "f1-score": 0.5, "support": 40.0}, "10.0": {"precision": 0.55, "recall": 0.275, "f1-score": 0.36666666666666664, "support": 40.0}, "11.0": {"precision": 0.575, "recall": 0.575, "f1-score": 0.575, "support": 40.0}, "12.0": {"precision": 0.3695652173913043, "recall": 0.425, "f1-score": 0.3953488372093023, "support": 40.0}, "14.0": {"precision": 0.509090909090909, "recall": 0.7, "f1-score": 0.5894736842105263, "support": 40.0}, "16.0": {"precision": 0.43333333333333335, "recall": 0.325, "f1-score": 0.37142857142857144, "support": 40.0}, "17.0": {"precision": 0.8222222222222222, "recall": 0.925, "f1-score": 0.8705882352941177, "support": 40.0}, "18.0": {"precision": 0.75, "recall": 0.225, "f1-score": 0.34615384615384615, "support": 40.0}, "19.0": {"precision": 0.5517241379310345, "recall": 0.4, "f1-score": 0.463768115942029, "support": 40.0}, "20.0": {"precision": 0.4528301886792453, "recall": 0.6, "f1-score": 0.5161290322580645, "support": 40.0}, "22.0": {"precision": 0.4, "recall": 0.35, "f1-score": 0.37333333333333335, "support": 40.0}, "23.0": {"precision": 1.0, "recall": 0.75, "f1-score": 0.8571428571428571, "support": 40.0}, "25.0": {"precision": 0.36, "recall": 0.225, "f1-score": 0.27692307692307694, "support": 40.0}, "27.0": {"precision": 0.15873015873015872, "recall": 0.25, "f1-score": 0.1941747572815534, "support": 40.0}, "28.0": {"precision": 0.5833333333333334, "recall": 0.175, "f1-score": 0.2692307692307692, "support": 40.0}, "29.0": {"precision": 0.7333333333333333, "recall": 0.55, "f1-score": 0.6285714285714286, "support": 40.0}, "30.0": {"precision": 0.972972972972973, "recall": 0.9, "f1-score": 0.935064935064935, "support": 40.0}, "33.0": {"precision": 0.6129032258064516, "recall": 0.475, "f1-score": 0.5352112676056338, "support": 40.0}, "34.0": {"precision": 0.5, "recall": 0.725, "f1-score": 0.5918367346938775, "support": 40.0}, "35.0": {"precision": 0.47058823529411764, "recall": 0.6, "f1-score": 0.5274725274725275, "support": 40.0}, "36.0": {"precision": 0.6764705882352942, "recall": 0.575, "f1-score": 0.6216216216216216, "support": 40.0}, "37.0": {"precision": 0.5510204081632653, "recall": 0.675, "f1-score": 0.6067415730337079, "support": 40.0}, "38.0": {"precision": 1.0, "recall": 0.225, "f1-score": 0.3673469387755102, "support": 40.0}, "39.0": {"precision": 0.8421052631578947, "recall": 0.4, "f1-score": 0.5423728813559322, "support": 40.0}, "41.0": {"precision": 0.453125, "recall": 0.725, "f1-score": 0.5576923076923077, "support": 40.0}, "42.0": {"precision": 0.625, "recall": 0.25, "f1-score": 0.35714285714285715, "support": 40.0}, "44.0": {"precision": 0.5882352941176471, "recall": 1.0, "f1-score": 0.7407407407407407, "support": 40.0}, "45.0": {"precision": 0.25806451612903225, "recall": 0.2, "f1-score": 0.22535211267605634, "support": 40.0}, "47.0": {"precision": 0.5, "recall": 0.55, "f1-score": 0.5238095238095238, "support": 40.0}, "48.0": {"precision": 0.2926829268292683, "recall": 0.3, "f1-score": 0.2962962962962963, "support": 40.0}, "50.0": {"precision": 0.3333333333333333, "recall": 0.225, "f1-score": 0.26865671641791045, "support": 40.0}, "55.0": {"precision": 0.7692307692307693, "recall": 1.0, "f1-score": 0.8695652173913043, "support": 40.0}, "57.0": {"precision": 0.4857142857142857, "recall": 0.425, "f1-score": 0.4533333333333333, "support": 40.0}, "60.0": {"precision": 0.6792452830188679, "recall": 0.9, "f1-score": 0.7741935483870968, "support": 40.0}, "62.0": {"precision": 0.3235294117647059, "recall": 0.275, "f1-score": 0.2972972972972973, "support": 40.0}, "63.0": {"precision": 0.4936708860759494, "recall": 0.975, "f1-score": 0.6554621848739496, "support": 40.0}, "65.0": {"precision": 0.5833333333333334, "recall": 0.525, "f1-score": 0.5526315789473685, "support": 40.0}, "66.0": {"precision": 0.5238095238095238, "recall": 0.275, "f1-score": 0.36065573770491804, "support": 40.0}, "67.0": {"precision": 0.5, "recall": 0.525, "f1-score": 0.5121951219512195, "support": 40.0}, "69.0": {"precision": 0.673469387755102, "recall": 0.825, "f1-score": 0.7415730337078652, "support": 40.0}, "70.0": {"precision": 0.8461538461538461, "recall": 0.825, "f1-score": 0.8354430379746836, "support": 40.0}, "71.0": {"precision": 0.5897435897435898, "recall": 0.575, "f1-score": 0.5822784810126582, "support": 40.0}, "72.0": {"precision": 0.9642857142857143, "recall": 0.675, "f1-score": 0.7941176470588235, "support": 40.0}, "73.0": {"precision": 0.3333333333333333, "recall": 0.225, "f1-score": 0.26865671641791045, "support": 40.0}, "74.0": {"precision": 0.5142857142857142, "recall": 0.45, "f1-score": 0.48, "support": 40.0}, "accuracy": 0.537, "macro avg": {"precision": 0.562060996899514, "recall": 0.537, "f1-score": 0.5161201521653958, "support": 2000.0}, "weighted avg": {"precision": 0.5733022168375043, "recall": 0.537, "f1-score": 0.5264425552087036, "support": 2000.0}}