{"-1.0": {"precision": 0.0, "recall": NaN, "f1-score": 0.0, "support": 0.0}, "0.0": {"precision": 0.5833333333333334, "recall": 0.875, "f1-score": 0.7, "support": 40.0}, "1.0": {"precision": 0.5757575757575758, "recall": 0.95, "f1-score": 0.7169811320754716, "support": 40.0}, "2.0": {"precision": 0.4807692307692308, "recall": 0.625, "f1-score": 0.5434782608695652, "support": 40.0}, "7.0": {"precision": 0.6666666666666666, "recall": 0.45, "f1-score": 0.5373134328358209, "support": 40.0}, "8.0": {"precision": 0.7647058823529411, "recall": 0.65, "f1-score": 0.7027027027027027, "support": 40.0}, "10.0": {"precision": 0.3125, "recall": 0.25, "f1-score": 0.2777777777777778, "support": 40.0}, "18.0": {"precision": 0.782608695652174, "recall": 0.45, "f1-score": 0.5714285714285714, "support": 40.0}, "20.0": {"precision": 0.5166666666666667, "recall": 0.775, "f1-score": 0.62, "support": 40.0}, "23.0": {"precision": 0.8421052631578947, "recall": 0.8, "f1-score": 0.8205128205128205, "support": 40.0}, "24.0": {"precision": 0.5, "recall": 0.375, "f1-score": 0.42857142857142855, "support": 40.0}, "25.0": {"precision": 0.5833333333333334, "recall": 0.35, "f1-score": 0.4375, "support": 40.0}, "28.0": {"precision": 0.8333333333333334, "recall": 0.125, "f1-score": 0.21739130434782608, "support": 40.0}, "32.0": {"precision": 0.7037037037037037, "recall": 0.475, "f1-score": 0.5671641791044776, "support": 40.0}, "33.0": {"precision": 0.4772727272727273, "recall": 0.525, "f1-score": 0.5, "support": 40.0}, "34.0": {"precision": 0.49206349206349204, "recall": 0.775, "f1-score": 0.6019417475728155, "support": 40.0}, "36.0": {"precision": 0.5897435897435898, "recall": 0.575, "f1-score": 0.5822784810126582, "support": 40.0}, "40.0": {"precision": 0.782608695652174, "recall": 0.45, "f1-score": 0.5714285714285714, "support": 40.0}, "45.0": {"precision": 0.574468085106383, "recall": 0.675, "f1-score": 0.6206896551724138, "support": 40.0}, "46.0": {"precision": 0.45, "recall": 0.45, "f1-score": 0.45, "support": 40.0}, "48.0": {"precision": 0.47619047619047616, "recall": 0.5, "f1-score": 0.4878048780487805, "support": 40.0}, "51.0": {"precision": 0.7297297297297297, "recall": 0.675, "f1-score": 0.7012987012987013, "support": 40.0}, "52.0": {"precision": 0.6041666666666666, "recall": 0.725, "f1-score": 0.6590909090909091, "support": 40.0}, "56.0": {"precision": 0.6666666666666666, "recall": 0.25, "f1-score": 0.36363636363636365, "support": 40.0}, "57.0": {"precision": 0.6333333333333333, "recall": 0.475, "f1-score": 0.5428571428571428, "support": 40.0}, "60.0": {"precision": 0.6129032258064516, "recall": 0.95, "f1-score": 0.7450980392156863, "support": 40.0}, "62.0": {"precision": 0.5882352941176471, "recall": 0.25, "f1-score": 0.3508771929824561, "support": 40.0}, "63.0": {"precision": 0.6727272727272727, "recall": 0.925, "f1-score": 0.7789473684210526, "support": 40.0}, "65.0": {"precision": 0.5531914893617021, "recall": 0.65, "f1-score": 0.5977011494252874, "support": 40.0}, "72.0": {"precision": 0.7380952380952381, "recall": 0.775, "f1-score": 0.7560975609756098, "support": 40.0}, "74.0": {"precision": 0.8636363636363636, "recall": 0.95, "f1-score": 0.9047619047619048, "support": 40.0}, "accuracy": 0.5908333333333333, "macro avg": {"precision": 0.6016295493837666, "recall": 0.5908333333333332, "f1-score": 0.5598493960040907, "support": 1200.0}, "weighted avg": {"precision": 0.6216838676965588, "recall": 0.5908333333333333, "f1-score": 0.5785110425375604, "support": 1200.0}}