{"-1.0": {"precision": 0.0, "recall": NaN, "f1-score": 0.0, "support": 0.0}, "7.0": {"precision": 0.9411764705882353, "recall": 0.4, "f1-score": 0.5614035087719298, "support": 40.0}, "8.0": {"precision": 0.8787878787878788, "recall": 0.725, "f1-score": 0.7945205479452054, "support": 40.0}, "9.0": {"precision": 0.8478260869565217, "recall": 0.975, "f1-score": 0.9069767441860465, "support": 40.0}, "16.0": {"precision": 0.5925925925925926, "recall": 0.4, "f1-score": 0.47761194029850745, "support": 40.0}, "17.0": {"precision": 0.6842105263157895, "recall": 0.975, "f1-score": 0.8041237113402062, "support": 40.0}, "31.0": {"precision": 0.8095238095238095, "recall": 0.425, "f1-score": 0.5573770491803278, "support": 40.0}, "34.0": {"precision": 0.6727272727272727, "recall": 0.925, "f1-score": 0.7789473684210526, "support": 40.0}, "41.0": {"precision": 0.7755102040816326, "recall": 0.95, "f1-score": 0.8539325842696629, "support": 40.0}, "49.0": {"precision": 0.9032258064516129, "recall": 0.7, "f1-score": 0.7887323943661971, "support": 40.0}, "74.0": {"precision": 0.65, "recall": 0.975, "f1-score": 0.78, "support": 40.0}, "accuracy": 0.745, "macro avg": {"precision": 0.7050527861841224, "recall": 0.745, "f1-score": 0.6639659862526488, "support": 400.0}, "weighted avg": {"precision": 0.7755580648025345, "recall": 0.745, "f1-score": 0.7303625848779136, "support": 400.0}}