{"-1.0": {"precision": 0.0, "recall": NaN, "f1-score": 0.0, "support": 0.0}, "0.0": {"precision": 0.6944444444444444, "recall": 0.625, "f1-score": 0.6578947368421053, "support": 40.0}, "2.0": {"precision": 0.75, "recall": 0.6, "f1-score": 0.6666666666666666, "support": 40.0}, "5.0": {"precision": 0.3793103448275862, "recall": 0.55, "f1-score": 0.4489795918367347, "support": 40.0}, "7.0": {"precision": 0.7647058823529411, "recall": 0.325, "f1-score": 0.45614035087719296, "support": 40.0}, "8.0": {"precision": 0.5625, "recall": 0.45, "f1-score": 0.5, "support": 40.0}, "9.0": {"precision": 0.3958333333333333, "recall": 0.475, "f1-score": 0.4318181818181818, "support": 40.0}, "10.0": {"precision": 0.3888888888888889, "recall": 0.175, "f1-score": 0.2413793103448276, "support": 40.0}, "11.0": {"precision": 0.6060606060606061, "recall": 0.5, "f1-score": 0.547945205479452, "support": 40.0}, "12.0": {"precision": 0.22058823529411764, "recall": 0.375, "f1-score": 0.2777777777777778, "support": 40.0}, "14.0": {"precision": 0.25, "recall": 0.275, "f1-score": 0.2619047619047619, "support": 40.0}, "16.0": {"precision": 0.42424242424242425, "recall": 0.35, "f1-score": 0.3835616438356164, "support": 40.0}, "17.0": {"precision": 0.7916666666666666, "recall": 0.95, "f1-score": 0.8636363636363636, "support": 40.0}, "18.0": {"precision": 0.5555555555555556, "recall": 0.125, "f1-score": 0.20408163265306123, "support": 40.0}, "19.0": {"precision": 0.5925925925925926, "recall": 0.4, "f1-score": 0.47761194029850745, "support": 40.0}, "20.0": {"precision": 0.35555555555555557, "recall": 0.4, "f1-score": 0.3764705882352941, "support": 40.0}, "22.0": {"precision": 0.2916666666666667, "recall": 0.35, "f1-score": 0.3181818181818182, "support": 40.0}, "23.0": {"precision": 0.9166666666666666, "recall": 0.825, "f1-score": 0.868421052631579, "support": 40.0}, "25.0": {"precision": 0.3793103448275862, "recall": 0.275, "f1-score": 0.3188405797101449, "support": 40.0}, "27.0": {"precision": 0.23076923076923078, "recall": 0.3, "f1-score": 0.2608695652173913, "support": 40.0}, "28.0": {"precision": 0.4375, "recall": 0.175, "f1-score": 0.25, "support": 40.0}, "29.0": {"precision": 0.5862068965517241, "recall": 0.85, "f1-score": 0.6938775510204082, "support": 40.0}, "30.0": {"precision": 0.8571428571428571, "recall": 0.9, "f1-score": 0.8780487804878049, "support": 40.0}, "33.0": {"precision": 0.5319148936170213, "recall": 0.625, "f1-score": 0.5747126436781609, "support": 40.0}, "34.0": {"precision": 0.3684210526315789, "recall": 0.7, "f1-score": 0.4827586206896552, "support": 40.0}, "35.0": {"precision": 0.4146341463414634, "recall": 0.425, "f1-score": 0.41975308641975306, "support": 40.0}, "36.0": {"precision": 0.72, "recall": 0.45, "f1-score": 0.5538461538461539, "support": 40.0}, "37.0": {"precision": 0.5777777777777777, "recall": 0.65, "f1-score": 0.611764705882353, "support": 40.0}, "38.0": {"precision": 0.8823529411764706, "recall": 0.375, "f1-score": 0.5263157894736842, "support": 40.0}, "39.0": {"precision": 0.5428571428571428, "recall": 0.475, "f1-score": 0.5066666666666667, "support": 40.0}, "41.0": {"precision": 0.41304347826086957, "recall": 0.475, "f1-score": 0.4418604651162791, "support": 40.0}, "42.0": {"precision": 0.8, "recall": 0.4, "f1-score": 0.5333333333333333, "support": 40.0}, "44.0": {"precision": 0.6101694915254238, "recall": 0.9, "f1-score": 0.7272727272727273, "support": 40.0}, "45.0": {"precision": 0.3783783783783784, "recall": 0.35, "f1-score": 0.36363636363636365, "support": 40.0}, "47.0": {"precision": 0.37777777777777777, "recall": 0.425, "f1-score": 0.4, "support": 40.0}, "48.0": {"precision": 0.18604651162790697, "recall": 0.2, "f1-score": 0.1927710843373494, "support": 40.0}, "50.0": {"precision": 0.25, "recall": 0.25, "f1-score": 0.25, "support": 40.0}, "55.0": {"precision": 0.4868421052631579, "recall": 0.925, "f1-score": 0.6379310344827587, "support": 40.0}, "57.0": {"precision": 0.4, "recall": 0.5, "f1-score": 0.4444444444444444, "support": 40.0}, "60.0": {"precision": 0.5, "recall": 0.675, "f1-score": 0.574468085106383, "support": 40.0}, "62.0": {"precision": 0.2222222222222222, "recall": 0.15, "f1-score": 0.1791044776119403, "support": 40.0}, "63.0": {"precision": 0.6727272727272727, "recall": 0.925, "f1-score": 0.7789473684210526, "support": 40.0}, "65.0": {"precision": 0.5, "recall": 0.5, "f1-score": 0.5, "support": 40.0}, "66.0": {"precision": 0.5925925925925926, "recall": 0.4, "f1-score": 0.47761194029850745, "support": 40.0}, "67.0": {"precision": 0.37037037037037035, "recall": 0.25, "f1-score": 0.29850746268656714, "support": 40.0}, "69.0": {"precision": 0.6181818181818182, "recall": 0.85, "f1-score": 0.7157894736842105, "support": 40.0}, "70.0": {"precision": 0.96875, "recall": 0.775, "f1-score": 0.8611111111111112, "support": 40.0}, "71.0": {"precision": 0.8076923076923077, "recall": 0.525, "f1-score": 0.6363636363636364, "support": 40.0}, "72.0": {"precision": 0.8947368421052632, "recall": 0.425, "f1-score": 0.576271186440678, "support": 40.0}, "73.0": {"precision": 0.4375, "recall": 0.175, "f1-score": 0.25, "support": 40.0}, "74.0": {"precision": 0.48936170212765956, "recall": 0.575, "f1-score": 0.5287356321839081, "support": 40.0}, "accuracy": 0.492, "macro avg": {"precision": 0.5185403532881161, "recall": 0.49199999999999994, "f1-score": 0.47898207044398766, "support": 2000.0}, "weighted avg": {"precision": 0.5289111603538784, "recall": 0.492, "f1-score": 0.4885617118528673, "support": 2000.0}}