{"-1.0": {"precision": 0.0, "recall": NaN, "f1-score": 0.0, "support": 0.0}, "0.0": {"precision": 0.85, "recall": 0.85, "f1-score": 0.85, "support": 40.0}, "7.0": {"precision": 0.8, "recall": 0.3, "f1-score": 0.43636363636363634, "support": 40.0}, "11.0": {"precision": 0.6956521739130435, "recall": 0.8, "f1-score": 0.7441860465116279, "support": 40.0}, "14.0": {"precision": 0.5277777777777778, "recall": 0.475, "f1-score": 0.5, "support": 40.0}, "15.0": {"precision": 0.825, "recall": 0.825, "f1-score": 0.825, "support": 40.0}, "17.0": {"precision": 0.4810126582278481, "recall": 0.95, "f1-score": 0.6386554621848739, "support": 40.0}, "18.0": {"precision": 0.7692307692307693, "recall": 0.25, "f1-score": 0.37735849056603776, "support": 40.0}, "20.0": {"precision": 0.4838709677419355, "recall": 0.75, "f1-score": 0.5882352941176471, "support": 40.0}, "21.0": {"precision": 0.6896551724137931, "recall": 1.0, "f1-score": 0.8163265306122449, "support": 40.0}, "22.0": {"precision": 0.8333333333333334, "recall": 0.625, "f1-score": 0.7142857142857143, "support": 40.0}, "27.0": {"precision": 0.5, "recall": 0.25, "f1-score": 0.3333333333333333, "support": 40.0}, "30.0": {"precision": 0.7872340425531915, "recall": 0.925, "f1-score": 0.8505747126436781, "support": 40.0}, "31.0": {"precision": 0.6666666666666666, "recall": 0.45, "f1-score": 0.5373134328358209, "support": 40.0}, "35.0": {"precision": 0.3854166666666667, "recall": 0.925, "f1-score": 0.5441176470588235, "support": 40.0}, "36.0": {"precision": 0.9090909090909091, "recall": 0.75, "f1-score": 0.821917808219178, "support": 40.0}, "46.0": {"precision": 0.8333333333333334, "recall": 0.5, "f1-score": 0.625, "support": 40.0}, "49.0": {"precision": 0.6296296296296297, "recall": 0.425, "f1-score": 0.5074626865671642, "support": 40.0}, "61.0": {"precision": 0.9459459459459459, "recall": 0.875, "f1-score": 0.9090909090909091, "support": 40.0}, "66.0": {"precision": 0.7586206896551724, "recall": 0.55, "f1-score": 0.6376811594202898, "support": 40.0}, "76.0": {"precision": 0.5333333333333333, "recall": 0.2, "f1-score": 0.2909090909090909, "support": 40.0}, "accuracy": 0.63375, "macro avg": {"precision": 0.6621335271196833, "recall": 0.63375, "f1-score": 0.59751485498667, "support": 800.0}, "weighted avg": {"precision": 0.6952402034756675, "recall": 0.63375, "f1-score": 0.6273905977360035, "support": 800.0}}