{"-1.0": {"precision": 0.0, "recall": NaN, "f1-score": 0.0, "support": 0.0}, "0.0": {"precision": 0.6829268292682927, "recall": 0.7, "f1-score": 0.691358024691358, "support": 40.0}, "2.0": {"precision": 0.48936170212765956, "recall": 0.575, "f1-score": 0.5287356321839081, "support": 40.0}, "5.0": {"precision": 0.44642857142857145, "recall": 0.625, "f1-score": 0.5208333333333334, "support": 40.0}, "7.0": {"precision": 0.8235294117647058, "recall": 0.35, "f1-score": 0.49122807017543857, "support": 40.0}, "8.0": {"precision": 0.6756756756756757, "recall": 0.625, "f1-score": 0.6493506493506493, "support": 40.0}, "9.0": {"precision": 0.32558139534883723, "recall": 0.35, "f1-score": 0.3373493975903614, "support": 40.0}, "10.0": {"precision": 0.55, "recall": 0.275, "f1-score": 0.36666666666666664, "support": 40.0}, "11.0": {"precision": 0.5806451612903226, "recall": 0.45, "f1-score": 0.5070422535211268, "support": 40.0}, "12.0": {"precision": 0.1728395061728395, "recall": 0.35, "f1-score": 0.23140495867768596, "support": 40.0}, "14.0": {"precision": 0.26, "recall": 0.325, "f1-score": 0.28888888888888886, "support": 40.0}, "16.0": {"precision": 0.3870967741935484, "recall": 0.3, "f1-score": 0.3380281690140845, "support": 40.0}, "17.0": {"precision": 0.95, "recall": 0.95, "f1-score": 0.95, "support": 40.0}, "18.0": {"precision": 1.0, "recall": 0.325, "f1-score": 0.49056603773584906, "support": 40.0}, "19.0": {"precision": 0.85, "recall": 0.425, "f1-score": 0.5666666666666667, "support": 40.0}, "20.0": {"precision": 0.28846153846153844, "recall": 0.375, "f1-score": 0.32608695652173914, "support": 40.0}, "22.0": {"precision": 0.22580645161290322, "recall": 0.175, "f1-score": 0.19718309859154928, "support": 40.0}, "23.0": {"precision": 0.9428571428571428, "recall": 0.825, "f1-score": 0.88, "support": 40.0}, "25.0": {"precision": 0.36666666666666664, "recall": 0.275, "f1-score": 0.3142857142857143, "support": 40.0}, "27.0": {"precision": 0.14864864864864866, "recall": 0.275, "f1-score": 0.19298245614035087, "support": 40.0}, "28.0": {"precision": 0.5625, "recall": 0.225, "f1-score": 0.32142857142857145, "support": 40.0}, "29.0": {"precision": 0.7111111111111111, "recall": 0.8, "f1-score": 0.7529411764705882, "support": 40.0}, "30.0": {"precision": 1.0, "recall": 0.9, "f1-score": 0.9473684210526315, "support": 40.0}, "33.0": {"precision": 0.55, "recall": 0.55, "f1-score": 0.55, "support": 40.0}, "34.0": {"precision": 0.4146341463414634, "recall": 0.85, "f1-score": 0.5573770491803278, "support": 40.0}, "35.0": {"precision": 0.4772727272727273, "recall": 0.525, "f1-score": 0.5, "support": 40.0}, "36.0": {"precision": 0.6764705882352942, "recall": 0.575, "f1-score": 0.6216216216216216, "support": 40.0}, "37.0": {"precision": 0.54, "recall": 0.675, "f1-score": 0.6, "support": 40.0}, "38.0": {"precision": 0.85, "recall": 0.425, "f1-score": 0.5666666666666667, "support": 40.0}, "39.0": {"precision": 0.5769230769230769, "recall": 0.375, "f1-score": 0.45454545454545453, "support": 40.0}, "41.0": {"precision": 0.37254901960784315, "recall": 0.475, "f1-score": 0.4175824175824176, "support": 40.0}, "42.0": {"precision": 0.3333333333333333, "recall": 0.175, "f1-score": 0.22950819672131148, "support": 40.0}, "44.0": {"precision": 0.5757575757575758, "recall": 0.95, "f1-score": 0.7169811320754716, "support": 40.0}, "45.0": {"precision": 0.4, "recall": 0.35, "f1-score": 0.37333333333333335, "support": 40.0}, "47.0": {"precision": 0.391304347826087, "recall": 0.45, "f1-score": 0.4186046511627907, "support": 40.0}, "48.0": {"precision": 0.16129032258064516, "recall": 0.125, "f1-score": 0.14084507042253522, "support": 40.0}, "50.0": {"precision": 0.34210526315789475, "recall": 0.325, "f1-score": 0.3333333333333333, "support": 40.0}, "55.0": {"precision": 0.6551724137931034, "recall": 0.95, "f1-score": 0.7755102040816326, "support": 40.0}, "57.0": {"precision": 0.5161290322580645, "recall": 0.4, "f1-score": 0.4507042253521127, "support": 40.0}, "60.0": {"precision": 0.5365853658536586, "recall": 0.55, "f1-score": 0.5432098765432098, "support": 40.0}, "62.0": {"precision": 0.15, "recall": 0.15, "f1-score": 0.15, "support": 40.0}, "63.0": {"precision": 0.5, "recall": 0.925, "f1-score": 0.6491228070175439, "support": 40.0}, "65.0": {"precision": 0.56, "recall": 0.35, "f1-score": 0.4307692307692308, "support": 40.0}, "66.0": {"precision": 0.5, "recall": 0.325, "f1-score": 0.3939393939393939, "support": 40.0}, "67.0": {"precision": 0.40625, "recall": 0.325, "f1-score": 0.3611111111111111, "support": 40.0}, "69.0": {"precision": 0.66, "recall": 0.825, "f1-score": 0.7333333333333333, "support": 40.0}, "70.0": {"precision": 0.8857142857142857, "recall": 0.775, "f1-score": 0.8266666666666667, "support": 40.0}, "71.0": {"precision": 0.7142857142857143, "recall": 0.5, "f1-score": 0.5882352941176471, "support": 40.0}, "72.0": {"precision": 0.6842105263157895, "recall": 0.325, "f1-score": 0.4406779661016949, "support": 40.0}, "73.0": {"precision": 0.29411764705882354, "recall": 0.125, "f1-score": 0.17543859649122806, "support": 40.0}, "74.0": {"precision": 0.5555555555555556, "recall": 0.625, "f1-score": 0.5882352941176471, "support": 40.0}, "accuracy": 0.489, "macro avg": {"precision": 0.5239175985980274, "recall": 0.489, "f1-score": 0.4799558444955859, "support": 2000.0}, "weighted avg": {"precision": 0.534395950569988, "recall": 0.489, "f1-score": 0.48955496138549753, "support": 2000.0}}