{"-1.0": {"precision": 0.0, "recall": NaN, "f1-score": 0.0, "support": 0.0}, "0.0": {"precision": 0.74, "recall": 0.925, "f1-score": 0.8222222222222222, "support": 40.0}, "2.0": {"precision": 0.35106382978723405, "recall": 0.825, "f1-score": 0.4925373134328358, "support": 40.0}, "3.0": {"precision": 0.9142857142857143, "recall": 0.8, "f1-score": 0.8533333333333334, "support": 40.0}, "4.0": {"precision": 0.1935483870967742, "recall": 0.15, "f1-score": 0.16901408450704225, "support": 40.0}, "5.0": {"precision": 0.463768115942029, "recall": 0.8, "f1-score": 0.5871559633027523, "support": 40.0}, "6.0": {"precision": 0.5454545454545454, "recall": 0.3, "f1-score": 0.3870967741935484, "support": 40.0}, "8.0": {"precision": 0.7941176470588235, "recall": 0.675, "f1-score": 0.7297297297297297, "support": 40.0}, "14.0": {"precision": 0.4918032786885246, "recall": 0.75, "f1-score": 0.594059405940594, "support": 40.0}, "15.0": {"precision": 0.4925373134328358, "recall": 0.825, "f1-score": 0.616822429906542, "support": 40.0}, "17.0": {"precision": 0.8043478260869565, "recall": 0.925, "f1-score": 0.8604651162790697, "support": 40.0}, "18.0": {"precision": 0.8260869565217391, "recall": 0.475, "f1-score": 0.6031746031746031, "support": 40.0}, "19.0": {"precision": 0.673469387755102, "recall": 0.825, "f1-score": 0.7415730337078652, "support": 40.0}, "20.0": {"precision": 0.6176470588235294, "recall": 0.525, "f1-score": 0.5675675675675675, "support": 40.0}, "21.0": {"precision": 0.3673469387755102, "recall": 0.9, "f1-score": 0.5217391304347826, "support": 40.0}, "23.0": {"precision": 0.967741935483871, "recall": 0.75, "f1-score": 0.8450704225352113, "support": 40.0}, "24.0": {"precision": 0.8620689655172413, "recall": 0.625, "f1-score": 0.7246376811594203, "support": 40.0}, "25.0": {"precision": 0.6086956521739131, "recall": 0.35, "f1-score": 0.4444444444444444, "support": 40.0}, "27.0": {"precision": 0.4166666666666667, "recall": 0.375, "f1-score": 0.39473684210526316, "support": 40.0}, "29.0": {"precision": 0.7931034482758621, "recall": 0.575, "f1-score": 0.6666666666666666, "support": 40.0}, "30.0": {"precision": 0.8444444444444444, "recall": 0.95, "f1-score": 0.8941176470588236, "support": 40.0}, "31.0": {"precision": 0.8214285714285714, "recall": 0.575, "f1-score": 0.6764705882352942, "support": 40.0}, "32.0": {"precision": 0.7391304347826086, "recall": 0.85, "f1-score": 0.7906976744186046, "support": 40.0}, "34.0": {"precision": 0.7631578947368421, "recall": 0.725, "f1-score": 0.7435897435897436, "support": 40.0}, "37.0": {"precision": 0.5614035087719298, "recall": 0.8, "f1-score": 0.6597938144329897, "support": 40.0}, "38.0": {"precision": 0.45, "recall": 0.225, "f1-score": 0.3, "support": 40.0}, "39.0": {"precision": 0.9230769230769231, "recall": 0.3, "f1-score": 0.4528301886792453, "support": 40.0}, "42.0": {"precision": 0.9428571428571428, "recall": 0.825, "f1-score": 0.88, "support": 40.0}, "47.0": {"precision": 0.9230769230769231, "recall": 0.3, "f1-score": 0.4528301886792453, "support": 40.0}, "49.0": {"precision": 0.8333333333333334, "recall": 0.125, "f1-score": 0.21739130434782608, "support": 40.0}, "53.0": {"precision": 0.6, "recall": 0.45, "f1-score": 0.5142857142857142, "support": 40.0}, "55.0": {"precision": 0.9523809523809523, "recall": 1.0, "f1-score": 0.975609756097561, "support": 40.0}, "58.0": {"precision": 0.4714285714285714, "recall": 0.825, "f1-score": 0.6, "support": 40.0}, "59.0": {"precision": 0.3125, "recall": 0.25, "f1-score": 0.2777777777777778, "support": 40.0}, "61.0": {"precision": 0.9230769230769231, "recall": 0.6, "f1-score": 0.7272727272727273, "support": 40.0}, "63.0": {"precision": 0.8571428571428571, "recall": 0.9, "f1-score": 0.8780487804878049, "support": 40.0}, "64.0": {"precision": 0.6530612244897959, "recall": 0.8, "f1-score": 0.7191011235955056, "support": 40.0}, "66.0": {"precision": 0.7692307692307693, "recall": 0.25, "f1-score": 0.37735849056603776, "support": 40.0}, "67.0": {"precision": 0.68, "recall": 0.85, "f1-score": 0.7555555555555555, "support": 40.0}, "71.0": {"precision": 0.9375, "recall": 0.75, "f1-score": 0.8333333333333334, "support": 40.0}, "74.0": {"precision": 0.851063829787234, "recall": 1.0, "f1-score": 0.9195402298850575, "support": 40.0}, "accuracy": 0.643125, "macro avg": {"precision": 0.676415804192017, "recall": 0.6431250000000001, "f1-score": 0.6162841805595694, "support": 1600.0}, "weighted avg": {"precision": 0.6933261992968173, "recall": 0.643125, "f1-score": 0.6316912850735585, "support": 1600.0}}