{"-1.0": {"precision": 0.0, "recall": NaN, "f1-score": 0.0, "support": 0.0}, "0.0": {"precision": 0.8387096774193549, "recall": 0.65, "f1-score": 0.7323943661971831, "support": 40.0}, "2.0": {"precision": 0.5833333333333334, "recall": 0.7, "f1-score": 0.6363636363636364, "support": 40.0}, "3.0": {"precision": 0.6923076923076923, "recall": 0.45, "f1-score": 0.5454545454545454, "support": 40.0}, "4.0": {"precision": 0.2, "recall": 0.35, "f1-score": 0.2545454545454545, "support": 40.0}, "5.0": {"precision": 0.5813953488372093, "recall": 0.625, "f1-score": 0.6024096385542169, "support": 40.0}, "6.0": {"precision": 0.5, "recall": 0.3, "f1-score": 0.375, "support": 40.0}, "8.0": {"precision": 0.7222222222222222, "recall": 0.65, "f1-score": 0.6842105263157895, "support": 40.0}, "14.0": {"precision": 0.43333333333333335, "recall": 0.325, "f1-score": 0.37142857142857144, "support": 40.0}, "15.0": {"precision": 0.38235294117647056, "recall": 0.325, "f1-score": 0.35135135135135137, "support": 40.0}, "17.0": {"precision": 0.8571428571428571, "recall": 0.9, "f1-score": 0.8780487804878049, "support": 40.0}, "18.0": {"precision": 0.5714285714285714, "recall": 0.1, "f1-score": 0.1702127659574468, "support": 40.0}, "19.0": {"precision": 0.631578947368421, "recall": 0.6, "f1-score": 0.6153846153846154, "support": 40.0}, "20.0": {"precision": 0.4423076923076923, "recall": 0.575, "f1-score": 0.5, "support": 40.0}, "21.0": {"precision": 0.49295774647887325, "recall": 0.875, "f1-score": 0.6306306306306306, "support": 40.0}, "23.0": {"precision": 0.8484848484848485, "recall": 0.7, "f1-score": 0.7671232876712328, "support": 40.0}, "24.0": {"precision": 0.5490196078431373, "recall": 0.7, "f1-score": 0.6153846153846154, "support": 40.0}, "25.0": {"precision": 0.25925925925925924, "recall": 0.35, "f1-score": 0.2978723404255319, "support": 40.0}, "27.0": {"precision": 0.22033898305084745, "recall": 0.325, "f1-score": 0.26262626262626265, "support": 40.0}, "29.0": {"precision": 0.6170212765957447, "recall": 0.725, "f1-score": 0.6666666666666666, "support": 40.0}, "30.0": {"precision": 0.8571428571428571, "recall": 0.75, "f1-score": 0.8, "support": 40.0}, "31.0": {"precision": 0.4375, "recall": 0.175, "f1-score": 0.25, "support": 40.0}, "32.0": {"precision": 0.8529411764705882, "recall": 0.725, "f1-score": 0.7837837837837838, "support": 40.0}, "34.0": {"precision": 0.463768115942029, "recall": 0.8, "f1-score": 0.5871559633027523, "support": 40.0}, "37.0": {"precision": 0.5384615384615384, "recall": 0.7, "f1-score": 0.6086956521739131, "support": 40.0}, "38.0": {"precision": 0.47058823529411764, "recall": 0.2, "f1-score": 0.2807017543859649, "support": 40.0}, "39.0": {"precision": 0.5517241379310345, "recall": 0.4, "f1-score": 0.463768115942029, "support": 40.0}, "42.0": {"precision": 0.8275862068965517, "recall": 0.6, "f1-score": 0.6956521739130435, "support": 40.0}, "47.0": {"precision": 0.625, "recall": 0.5, "f1-score": 0.5555555555555556, "support": 40.0}, "49.0": {"precision": 0.75, "recall": 0.375, "f1-score": 0.5, "support": 40.0}, "53.0": {"precision": 0.4482758620689655, "recall": 0.325, "f1-score": 0.37681159420289856, "support": 40.0}, "55.0": {"precision": 0.7551020408163265, "recall": 0.925, "f1-score": 0.8314606741573034, "support": 40.0}, "58.0": {"precision": 0.5833333333333334, "recall": 0.525, "f1-score": 0.5526315789473685, "support": 40.0}, "59.0": {"precision": 0.3404255319148936, "recall": 0.4, "f1-score": 0.367816091954023, "support": 40.0}, "61.0": {"precision": 0.75, "recall": 0.075, "f1-score": 0.13636363636363635, "support": 40.0}, "63.0": {"precision": 0.6274509803921569, "recall": 0.8, "f1-score": 0.7032967032967034, "support": 40.0}, "64.0": {"precision": 0.3877551020408163, "recall": 0.475, "f1-score": 0.42696629213483145, "support": 40.0}, "66.0": {"precision": 0.5882352941176471, "recall": 0.25, "f1-score": 0.3508771929824561, "support": 40.0}, "67.0": {"precision": 0.6140350877192983, "recall": 0.875, "f1-score": 0.7216494845360825, "support": 40.0}, "71.0": {"precision": 0.6666666666666666, "recall": 0.6, "f1-score": 0.631578947368421, "support": 40.0}, "74.0": {"precision": 0.5, "recall": 0.575, "f1-score": 0.5348837209302325, "support": 40.0}, "accuracy": 0.531875, "macro avg": {"precision": 0.5624191830682607, "recall": 0.5318750000000001, "f1-score": 0.5150428529604038, "support": 1600.0}, "weighted avg": {"precision": 0.5764796626449672, "recall": 0.531875, "f1-score": 0.5279189242844139, "support": 1600.0}}