{"-1.0": {"precision": 0.0, "recall": NaN, "f1-score": 0.0, "support": 0.0}, "0.0": {"precision": 0.5, "recall": 0.925, "f1-score": 0.6491228070175439, "support": 40.0}, "2.0": {"precision": 0.484375, "recall": 0.775, "f1-score": 0.5961538461538461, "support": 40.0}, "5.0": {"precision": 0.352112676056338, "recall": 0.625, "f1-score": 0.45045045045045046, "support": 40.0}, "7.0": {"precision": 0.6470588235294118, "recall": 0.275, "f1-score": 0.38596491228070173, "support": 40.0}, "8.0": {"precision": 0.8787878787878788, "recall": 0.725, "f1-score": 0.7945205479452054, "support": 40.0}, "9.0": {"precision": 0.4032258064516129, "recall": 0.625, "f1-score": 0.49019607843137253, "support": 40.0}, "10.0": {"precision": 0.75, "recall": 0.375, "f1-score": 0.5, "support": 40.0}, "11.0": {"precision": 0.6829268292682927, "recall": 0.7, "f1-score": 0.691358024691358, "support": 40.0}, "12.0": {"precision": 0.574468085106383, "recall": 0.675, "f1-score": 0.6206896551724138, "support": 40.0}, "14.0": {"precision": 0.5789473684210527, "recall": 0.825, "f1-score": 0.6804123711340206, "support": 40.0}, "16.0": {"precision": 0.5833333333333334, "recall": 0.35, "f1-score": 0.4375, "support": 40.0}, "17.0": {"precision": 0.9285714285714286, "recall": 0.975, "f1-score": 0.9512195121951219, "support": 40.0}, "18.0": {"precision": 0.9473684210526315, "recall": 0.45, "f1-score": 0.6101694915254238, "support": 40.0}, "19.0": {"precision": 0.6964285714285714, "recall": 0.975, "f1-score": 0.8125, "support": 40.0}, "20.0": {"precision": 0.5833333333333334, "recall": 0.525, "f1-score": 0.5526315789473685, "support": 40.0}, "22.0": {"precision": 0.5, "recall": 0.55, "f1-score": 0.5238095238095238, "support": 40.0}, "23.0": {"precision": 1.0, "recall": 0.7, "f1-score": 0.8235294117647058, "support": 40.0}, "25.0": {"precision": 0.6190476190476191, "recall": 0.325, "f1-score": 0.4262295081967213, "support": 40.0}, "27.0": {"precision": 0.1956521739130435, "recall": 0.225, "f1-score": 0.20930232558139536, "support": 40.0}, "28.0": {"precision": 0.4166666666666667, "recall": 0.125, "f1-score": 0.19230769230769232, "support": 40.0}, "29.0": {"precision": 0.896551724137931, "recall": 0.65, "f1-score": 0.7536231884057971, "support": 40.0}, "30.0": {"precision": 0.975, "recall": 0.975, "f1-score": 0.975, "support": 40.0}, "33.0": {"precision": 0.5945945945945946, "recall": 0.55, "f1-score": 0.5714285714285714, "support": 40.0}, "34.0": {"precision": 0.7948717948717948, "recall": 0.775, "f1-score": 0.7848101265822784, "support": 40.0}, "35.0": {"precision": 0.3974358974358974, "recall": 0.775, "f1-score": 0.5254237288135594, "support": 40.0}, "36.0": {"precision": 0.5714285714285714, "recall": 0.8, "f1-score": 0.6666666666666666, "support": 40.0}, "37.0": {"precision": 0.6274509803921569, "recall": 0.8, "f1-score": 0.7032967032967034, "support": 40.0}, "38.0": {"precision": 1.0, "recall": 0.225, "f1-score": 0.3673469387755102, "support": 40.0}, "39.0": {"precision": 0.9, "recall": 0.225, "f1-score": 0.36, "support": 40.0}, "41.0": {"precision": 0.58, "recall": 0.725, "f1-score": 0.6444444444444445, "support": 40.0}, "42.0": {"precision": 0.9473684210526315, "recall": 0.45, "f1-score": 0.6101694915254238, "support": 40.0}, "44.0": {"precision": 0.5735294117647058, "recall": 0.975, "f1-score": 0.7222222222222222, "support": 40.0}, "45.0": {"precision": 0.6410256410256411, "recall": 0.625, "f1-score": 0.6329113924050633, "support": 40.0}, "47.0": {"precision": 0.7857142857142857, "recall": 0.55, "f1-score": 0.6470588235294118, "support": 40.0}, "48.0": {"precision": 0.3559322033898305, "recall": 0.525, "f1-score": 0.42424242424242425, "support": 40.0}, "50.0": {"precision": 0.5, "recall": 0.175, "f1-score": 0.25925925925925924, "support": 40.0}, "55.0": {"precision": 0.9090909090909091, "recall": 1.0, "f1-score": 0.9523809523809523, "support": 40.0}, "57.0": {"precision": 0.7837837837837838, "recall": 0.725, "f1-score": 0.7532467532467533, "support": 40.0}, "60.0": {"precision": 0.6190476190476191, "recall": 0.975, "f1-score": 0.7572815533980582, "support": 40.0}, "62.0": {"precision": 0.6111111111111112, "recall": 0.275, "f1-score": 0.3793103448275862, "support": 40.0}, "63.0": {"precision": 0.5492957746478874, "recall": 0.975, "f1-score": 0.7027027027027027, "support": 40.0}, "65.0": {"precision": 0.7560975609756098, "recall": 0.775, "f1-score": 0.7654320987654321, "support": 40.0}, "66.0": {"precision": 0.5625, "recall": 0.225, "f1-score": 0.32142857142857145, "support": 40.0}, "67.0": {"precision": 0.6774193548387096, "recall": 0.525, "f1-score": 0.5915492957746479, "support": 40.0}, "69.0": {"precision": 0.5714285714285714, "recall": 0.9, "f1-score": 0.6990291262135923, "support": 40.0}, "70.0": {"precision": 0.9117647058823529, "recall": 0.775, "f1-score": 0.8378378378378378, "support": 40.0}, "71.0": {"precision": 0.7045454545454546, "recall": 0.775, "f1-score": 0.7380952380952381, "support": 40.0}, "72.0": {"precision": 1.0, "recall": 0.725, "f1-score": 0.8405797101449275, "support": 40.0}, "73.0": {"precision": 0.44, "recall": 0.275, "f1-score": 0.3384615384615385, "support": 40.0}, "74.0": {"precision": 0.6129032258064516, "recall": 0.475, "f1-score": 0.5352112676056338, "support": 40.0}, "accuracy": 0.6185, "macro avg": {"precision": 0.6504352080771391, "recall": 0.6185, "f1-score": 0.5933042884330524, "support": 2000.0}, "weighted avg": {"precision": 0.6634439122386819, "recall": 0.6185, "f1-score": 0.6051703742017134, "support": 2000.0}}