{"-1.0": {"precision": 0.0, "recall": NaN, "f1-score": 0.0, "support": 0.0}, "17.0": {"precision": 0.7090909090909091, "recall": 0.975, "f1-score": 0.8210526315789474, "support": 40.0}, "22.0": {"precision": 1.0, "recall": 0.675, "f1-score": 0.8059701492537313, "support": 40.0}, "23.0": {"precision": 0.9705882352941176, "recall": 0.825, "f1-score": 0.8918918918918919, "support": 40.0}, "30.0": {"precision": 1.0, "recall": 0.775, "f1-score": 0.8732394366197183, "support": 40.0}, "38.0": {"precision": 0.8461538461538461, "recall": 0.825, "f1-score": 0.8354430379746836, "support": 40.0}, "accuracy": 0.815, "macro avg": {"precision": 0.7543054984231454, "recall": 0.8149999999999998, "f1-score": 0.7045995245531621, "support": 200.0}, "weighted avg": {"precision": 0.9051665981077746, "recall": 0.815, "f1-score": 0.8455194294637945, "support": 200.0}}