{"17": {"precision": 0.975609756097561, "recall": 1.0, "f1-score": 0.9876543209876543, "support": 40.0}, "22": {"precision": 0.9473684210526315, "recall": 0.9, "f1-score": 0.9230769230769231, "support": 40.0}, "23": {"precision": 1.0, "recall": 0.925, "f1-score": 0.961038961038961, "support": 40.0}, "30": {"precision": 0.9302325581395349, "recall": 1.0, "f1-score": 0.963855421686747, "support": 40.0}, "38": {"precision": 0.9024390243902439, "recall": 0.925, "f1-score": 0.9135802469135802, "support": 40.0}, "accuracy": 0.95, "macro avg": {"precision": 0.9511299519359943, "recall": 0.95, "f1-score": 0.9498411747407731, "support": 200.0}, "weighted avg": {"precision": 0.9511299519359944, "recall": 0.95, "f1-score": 0.9498411747407731, "support": 200.0}}