{"-1.0": {"precision": 0.0, "recall": NaN, "f1-score": 0.0, "support": 0.0}, "17.0": {"precision": 0.975609756097561, "recall": 1.0, "f1-score": 0.9876543209876543, "support": 40.0}, "22.0": {"precision": 1.0, "recall": 0.95, "f1-score": 0.9743589743589743, "support": 40.0}, "23.0": {"precision": 1.0, "recall": 0.925, "f1-score": 0.961038961038961, "support": 40.0}, "30.0": {"precision": 0.9512195121951219, "recall": 0.975, "f1-score": 0.9629629629629629, "support": 40.0}, "38.0": {"precision": 0.9285714285714286, "recall": 0.975, "f1-score": 0.9512195121951219, "support": 40.0}, "accuracy": 0.965, "macro avg": {"precision": 0.809233449477352, "recall": 0.9650000000000001, "f1-score": 0.8062057885906123, "support": 200.0}, "weighted avg": {"precision": 0.9710801393728222, "recall": 0.965, "f1-score": 0.9674469463087348, "support": 200.0}}