{"-1.0": {"precision": 0.0, "recall": NaN, "f1-score": 0.0, "support": 0.0}, "0.0": {"precision": 0.39361702127659576, "recall": 0.925, "f1-score": 0.5522388059701493, "support": 40.0}, "1.0": {"precision": 0.9487179487179487, "recall": 0.925, "f1-score": 0.9367088607594937, "support": 40.0}, "2.0": {"precision": 0.6458333333333334, "recall": 0.775, "f1-score": 0.7045454545454546, "support": 40.0}, "7.0": {"precision": 0.8148148148148148, "recall": 0.55, "f1-score": 0.6567164179104478, "support": 40.0}, "8.0": {"precision": 0.8823529411764706, "recall": 0.75, "f1-score": 0.8108108108108109, "support": 40.0}, "10.0": {"precision": 0.5769230769230769, "recall": 0.375, "f1-score": 0.45454545454545453, "support": 40.0}, "18.0": {"precision": 0.8518518518518519, "recall": 0.575, "f1-score": 0.6865671641791045, "support": 40.0}, "20.0": {"precision": 0.5849056603773585, "recall": 0.775, "f1-score": 0.6666666666666666, "support": 40.0}, "23.0": {"precision": 0.967741935483871, "recall": 0.75, "f1-score": 0.8450704225352113, "support": 40.0}, "24.0": {"precision": 0.7857142857142857, "recall": 0.55, "f1-score": 0.6470588235294118, "support": 40.0}, "25.0": {"precision": 0.6, "recall": 0.375, "f1-score": 0.46153846153846156, "support": 40.0}, "28.0": {"precision": 1.0, "recall": 0.2, "f1-score": 0.3333333333333333, "support": 40.0}, "32.0": {"precision": 0.7727272727272727, "recall": 0.85, "f1-score": 0.8095238095238095, "support": 40.0}, "33.0": {"precision": 0.6410256410256411, "recall": 0.625, "f1-score": 0.6329113924050633, "support": 40.0}, "34.0": {"precision": 0.723404255319149, "recall": 0.85, "f1-score": 0.7816091954022989, "support": 40.0}, "36.0": {"precision": 0.717948717948718, "recall": 0.7, "f1-score": 0.7088607594936709, "support": 40.0}, "40.0": {"precision": 0.6842105263157895, "recall": 0.325, "f1-score": 0.4406779661016949, "support": 40.0}, "45.0": {"precision": 0.39344262295081966, "recall": 0.6, "f1-score": 0.4752475247524752, "support": 40.0}, "46.0": {"precision": 0.5, "recall": 0.45, "f1-score": 0.47368421052631576, "support": 40.0}, "48.0": {"precision": 0.49019607843137253, "recall": 0.625, "f1-score": 0.5494505494505495, "support": 40.0}, "51.0": {"precision": 0.6052631578947368, "recall": 0.575, "f1-score": 0.5897435897435898, "support": 40.0}, "52.0": {"precision": 0.6666666666666666, "recall": 0.9, "f1-score": 0.7659574468085106, "support": 40.0}, "56.0": {"precision": 0.6666666666666666, "recall": 0.45, "f1-score": 0.5373134328358209, "support": 40.0}, "57.0": {"precision": 0.71875, "recall": 0.575, "f1-score": 0.6388888888888888, "support": 40.0}, "60.0": {"precision": 0.7222222222222222, "recall": 0.975, "f1-score": 0.8297872340425532, "support": 40.0}, "62.0": {"precision": 0.6470588235294118, "recall": 0.275, "f1-score": 0.38596491228070173, "support": 40.0}, "63.0": {"precision": 0.5588235294117647, "recall": 0.95, "f1-score": 0.7037037037037037, "support": 40.0}, "65.0": {"precision": 0.58, "recall": 0.725, "f1-score": 0.6444444444444445, "support": 40.0}, "72.0": {"precision": 0.8709677419354839, "recall": 0.675, "f1-score": 0.7605633802816901, "support": 40.0}, "74.0": {"precision": 0.8863636363636364, "recall": 0.975, "f1-score": 0.9285714285714286, "support": 40.0}, "accuracy": 0.6541666666666667, "macro avg": {"precision": 0.6741358202928696, "recall": 0.6541666666666667, "f1-score": 0.62621627566391, "support": 1200.0}, "weighted avg": {"precision": 0.6966070143026322, "recall": 0.6541666666666667, "f1-score": 0.6470901515193735, "support": 1200.0}}