{"-1.0": {"precision": 0.0, "recall": NaN, "f1-score": 0.0, "support": 0.0}, "17.0": {"precision": 0.851063829787234, "recall": 1.0, "f1-score": 0.9195402298850575, "support": 40.0}, "22.0": {"precision": 1.0, "recall": 0.675, "f1-score": 0.8059701492537313, "support": 40.0}, "23.0": {"precision": 1.0, "recall": 0.825, "f1-score": 0.9041095890410958, "support": 40.0}, "30.0": {"precision": 0.9714285714285714, "recall": 0.85, "f1-score": 0.9066666666666666, "support": 40.0}, "38.0": {"precision": 0.8780487804878049, "recall": 0.9, "f1-score": 0.8888888888888888, "support": 40.0}, "accuracy": 0.85, "macro avg": {"precision": 0.7834235302839351, "recall": 0.85, "f1-score": 0.7375292539559067, "support": 200.0}, "weighted avg": {"precision": 0.940108236340722, "recall": 0.85, "f1-score": 0.885035104747088, "support": 200.0}}