{"-1.0": {"precision": 0.0, "recall": NaN, "f1-score": 0.0, "support": 0.0}, "7.0": {"precision": 1.0, "recall": 0.325, "f1-score": 0.49056603773584906, "support": 40.0}, "8.0": {"precision": 0.9354838709677419, "recall": 0.725, "f1-score": 0.8169014084507042, "support": 40.0}, "9.0": {"precision": 0.8888888888888888, "recall": 0.8, "f1-score": 0.8421052631578947, "support": 40.0}, "16.0": {"precision": 0.7142857142857143, "recall": 0.5, "f1-score": 0.5882352941176471, "support": 40.0}, "17.0": {"precision": 0.5441176470588235, "recall": 0.925, "f1-score": 0.6851851851851852, "support": 40.0}, "31.0": {"precision": 1.0, "recall": 0.35, "f1-score": 0.5185185185185185, "support": 40.0}, "34.0": {"precision": 0.6727272727272727, "recall": 0.925, "f1-score": 0.7789473684210526, "support": 40.0}, "41.0": {"precision": 0.7169811320754716, "recall": 0.95, "f1-score": 0.8172043010752689, "support": 40.0}, "49.0": {"precision": 0.8048780487804879, "recall": 0.825, "f1-score": 0.8148148148148148, "support": 40.0}, "74.0": {"precision": 0.6964285714285714, "recall": 0.975, "f1-score": 0.8125, "support": 40.0}, "accuracy": 0.73, "macro avg": {"precision": 0.7248901042011793, "recall": 0.73, "f1-score": 0.6513616537706305, "support": 400.0}, "weighted avg": {"precision": 0.7973791146212972, "recall": 0.73, "f1-score": 0.7164978191476934, "support": 400.0}}