{"-1.0": {"precision": 0.0, "recall": NaN, "f1-score": 0.0, "support": 0.0}, "0.0": {"precision": 0.875, "recall": 0.7, "f1-score": 0.7777777777777778, "support": 40.0}, "2.0": {"precision": 0.5957446808510638, "recall": 0.7, "f1-score": 0.6436781609195402, "support": 40.0}, "3.0": {"precision": 0.631578947368421, "recall": 0.3, "f1-score": 0.4067796610169492, "support": 40.0}, "4.0": {"precision": 0.2028985507246377, "recall": 0.35, "f1-score": 0.25688073394495414, "support": 40.0}, "5.0": {"precision": 0.6944444444444444, "recall": 0.625, "f1-score": 0.6578947368421053, "support": 40.0}, "6.0": {"precision": 0.4838709677419355, "recall": 0.375, "f1-score": 0.4225352112676056, "support": 40.0}, "8.0": {"precision": 0.6, "recall": 0.6, "f1-score": 0.6, "support": 40.0}, "14.0": {"precision": 0.08333333333333333, "recall": 0.075, "f1-score": 0.07894736842105263, "support": 40.0}, "15.0": {"precision": 0.37142857142857144, "recall": 0.325, "f1-score": 0.3466666666666667, "support": 40.0}, "17.0": {"precision": 0.6545454545454545, "recall": 0.9, "f1-score": 0.7578947368421053, "support": 40.0}, "18.0": {"precision": 0.8571428571428571, "recall": 0.15, "f1-score": 0.2553191489361702, "support": 40.0}, "19.0": {"precision": 0.46153846153846156, "recall": 0.45, "f1-score": 0.45569620253164556, "support": 40.0}, "20.0": {"precision": 0.4772727272727273, "recall": 0.525, "f1-score": 0.5, "support": 40.0}, "21.0": {"precision": 0.4675324675324675, "recall": 0.9, "f1-score": 0.6153846153846154, "support": 40.0}, "23.0": {"precision": 0.967741935483871, "recall": 0.75, "f1-score": 0.8450704225352113, "support": 40.0}, "24.0": {"precision": 0.5416666666666666, "recall": 0.65, "f1-score": 0.5909090909090909, "support": 40.0}, "25.0": {"precision": 0.22413793103448276, "recall": 0.325, "f1-score": 0.2653061224489796, "support": 40.0}, "27.0": {"precision": 0.21428571428571427, "recall": 0.3, "f1-score": 0.25, "support": 40.0}, "29.0": {"precision": 0.5, "recall": 0.55, "f1-score": 0.5238095238095238, "support": 40.0}, "30.0": {"precision": 0.9375, "recall": 0.75, "f1-score": 0.8333333333333334, "support": 40.0}, "31.0": {"precision": 0.375, "recall": 0.225, "f1-score": 0.28125, "support": 40.0}, "32.0": {"precision": 0.8636363636363636, "recall": 0.475, "f1-score": 0.6129032258064516, "support": 40.0}, "34.0": {"precision": 0.41818181818181815, "recall": 0.575, "f1-score": 0.4842105263157895, "support": 40.0}, "37.0": {"precision": 0.4696969696969697, "recall": 0.775, "f1-score": 0.5849056603773585, "support": 40.0}, "38.0": {"precision": 0.6666666666666666, "recall": 0.35, "f1-score": 0.45901639344262296, "support": 40.0}, "39.0": {"precision": 0.4782608695652174, "recall": 0.275, "f1-score": 0.3492063492063492, "support": 40.0}, "42.0": {"precision": 0.8461538461538461, "recall": 0.55, "f1-score": 0.6666666666666666, "support": 40.0}, "47.0": {"precision": 0.4444444444444444, "recall": 0.5, "f1-score": 0.47058823529411764, "support": 40.0}, "49.0": {"precision": 0.6285714285714286, "recall": 0.55, "f1-score": 0.5866666666666667, "support": 40.0}, "53.0": {"precision": 0.3793103448275862, "recall": 0.275, "f1-score": 0.3188405797101449, "support": 40.0}, "55.0": {"precision": 0.6190476190476191, "recall": 0.975, "f1-score": 0.7572815533980582, "support": 40.0}, "58.0": {"precision": 0.6274509803921569, "recall": 0.8, "f1-score": 0.7032967032967034, "support": 40.0}, "59.0": {"precision": 0.39215686274509803, "recall": 0.5, "f1-score": 0.43956043956043955, "support": 40.0}, "61.0": {"precision": 0.75, "recall": 0.225, "f1-score": 0.34615384615384615, "support": 40.0}, "63.0": {"precision": 0.7804878048780488, "recall": 0.8, "f1-score": 0.7901234567901234, "support": 40.0}, "64.0": {"precision": 0.3225806451612903, "recall": 0.25, "f1-score": 0.28169014084507044, "support": 40.0}, "66.0": {"precision": 0.8333333333333334, "recall": 0.375, "f1-score": 0.5172413793103449, "support": 40.0}, "67.0": {"precision": 0.6756756756756757, "recall": 0.625, "f1-score": 0.6493506493506493, "support": 40.0}, "71.0": {"precision": 0.7857142857142857, "recall": 0.55, "f1-score": 0.6470588235294118, "support": 40.0}, "74.0": {"precision": 0.5384615384615384, "recall": 0.7, "f1-score": 0.6086956521739131, "support": 40.0}, "accuracy": 0.51625, "macro avg": {"precision": 0.5545486636231342, "recall": 0.51625, "f1-score": 0.5033802551580988, "support": 1600.0}, "weighted avg": {"precision": 0.5684123802137124, "recall": 0.51625, "f1-score": 0.5159647615370513, "support": 1600.0}}