{"-1.0": {"precision": 0.0, "recall": NaN, "f1-score": 0.0, "support": 0.0}, "8.0": {"precision": 0.9375, "recall": 0.75, "f1-score": 0.8333333333333334, "support": 40.0}, "9.0": {"precision": 0.8863636363636364, "recall": 0.975, "f1-score": 0.9285714285714286, "support": 40.0}, "11.0": {"precision": 0.7291666666666666, "recall": 0.875, "f1-score": 0.7954545454545454, "support": 40.0}, "14.0": {"precision": 0.8085106382978723, "recall": 0.95, "f1-score": 0.8735632183908046, "support": 40.0}, "15.0": {"precision": 0.7169811320754716, "recall": 0.95, "f1-score": 0.8172043010752689, "support": 40.0}, "16.0": {"precision": 0.5925925925925926, "recall": 0.4, "f1-score": 0.47761194029850745, "support": 40.0}, "17.0": {"precision": 0.5652173913043478, "recall": 0.975, "f1-score": 0.7155963302752294, "support": 40.0}, "21.0": {"precision": 0.5757575757575758, "recall": 0.95, "f1-score": 0.7169811320754716, "support": 40.0}, "22.0": {"precision": 0.6666666666666666, "recall": 0.6, "f1-score": 0.631578947368421, "support": 40.0}, "30.0": {"precision": 0.9444444444444444, "recall": 0.85, "f1-score": 0.8947368421052632, "support": 40.0}, "34.0": {"precision": 0.8611111111111112, "recall": 0.775, "f1-score": 0.8157894736842105, "support": 40.0}, "35.0": {"precision": 0.7647058823529411, "recall": 0.975, "f1-score": 0.8571428571428571, "support": 40.0}, "41.0": {"precision": 0.7272727272727273, "recall": 0.8, "f1-score": 0.7619047619047619, "support": 40.0}, "49.0": {"precision": 1.0, "recall": 0.15, "f1-score": 0.2608695652173913, "support": 40.0}, "51.0": {"precision": 0.7872340425531915, "recall": 0.925, "f1-score": 0.8505747126436781, "support": 40.0}, "61.0": {"precision": 0.96875, "recall": 0.775, "f1-score": 0.8611111111111112, "support": 40.0}, "66.0": {"precision": 0.88, "recall": 0.55, "f1-score": 0.676923076923077, "support": 40.0}, "69.0": {"precision": 0.5909090909090909, "recall": 0.975, "f1-score": 0.7358490566037735, "support": 40.0}, "74.0": {"precision": 0.8421052631578947, "recall": 0.4, "f1-score": 0.5423728813559322, "support": 40.0}, "76.0": {"precision": 1.0, "recall": 0.225, "f1-score": 0.3673469387755102, "support": 40.0}, "accuracy": 0.74125, "macro avg": {"precision": 0.7545375648345825, "recall": 0.74125, "f1-score": 0.6864055454433607, "support": 800.0}, "weighted avg": {"precision": 0.7922644430763115, "recall": 0.74125, "f1-score": 0.7207258227155289, "support": 800.0}}