{"-1.0": {"precision": 0.0, "recall": NaN, "f1-score": 0.0, "support": 0.0}, "0.0": {"precision": 0.8333333333333334, "recall": 0.875, "f1-score": 0.8536585365853658, "support": 40.0}, "7.0": {"precision": 0.8666666666666667, "recall": 0.325, "f1-score": 0.4727272727272727, "support": 40.0}, "11.0": {"precision": 0.6590909090909091, "recall": 0.725, "f1-score": 0.6904761904761905, "support": 40.0}, "14.0": {"precision": 0.40384615384615385, "recall": 0.525, "f1-score": 0.45652173913043476, "support": 40.0}, "15.0": {"precision": 0.6730769230769231, "recall": 0.875, "f1-score": 0.7608695652173914, "support": 40.0}, "17.0": {"precision": 0.48, "recall": 0.9, "f1-score": 0.6260869565217392, "support": 40.0}, "18.0": {"precision": 0.7058823529411765, "recall": 0.3, "f1-score": 0.42105263157894735, "support": 40.0}, "20.0": {"precision": 0.39215686274509803, "recall": 0.5, "f1-score": 0.43956043956043955, "support": 40.0}, "21.0": {"precision": 0.6290322580645161, "recall": 0.975, "f1-score": 0.7647058823529411, "support": 40.0}, "22.0": {"precision": 0.5641025641025641, "recall": 0.55, "f1-score": 0.5569620253164557, "support": 40.0}, "27.0": {"precision": 0.358974358974359, "recall": 0.35, "f1-score": 0.35443037974683544, "support": 40.0}, "30.0": {"precision": 0.9444444444444444, "recall": 0.85, "f1-score": 0.8947368421052632, "support": 40.0}, "31.0": {"precision": 0.55, "recall": 0.275, "f1-score": 0.36666666666666664, "support": 40.0}, "35.0": {"precision": 0.4074074074074074, "recall": 0.825, "f1-score": 0.5454545454545454, "support": 40.0}, "36.0": {"precision": 1.0, "recall": 0.7, "f1-score": 0.8235294117647058, "support": 40.0}, "46.0": {"precision": 0.5757575757575758, "recall": 0.475, "f1-score": 0.5205479452054794, "support": 40.0}, "49.0": {"precision": 0.9, "recall": 0.225, "f1-score": 0.36, "support": 40.0}, "61.0": {"precision": 1.0, "recall": 0.725, "f1-score": 0.8405797101449275, "support": 40.0}, "66.0": {"precision": 0.7407407407407407, "recall": 0.5, "f1-score": 0.5970149253731343, "support": 40.0}, "76.0": {"precision": 0.5625, "recall": 0.225, "f1-score": 0.32142857142857145, "support": 40.0}, "accuracy": 0.585, "macro avg": {"precision": 0.6308101214853271, "recall": 0.585, "f1-score": 0.5555719160646336, "support": 800.0}, "weighted avg": {"precision": 0.6623506275595935, "recall": 0.585, "f1-score": 0.5833505118678654, "support": 800.0}}