{"-1.0": {"precision": 0.0, "recall": NaN, "f1-score": 0.0, "support": 0.0}, "0.0": {"precision": 0.5636363636363636, "recall": 0.775, "f1-score": 0.6526315789473685, "support": 40.0}, "1.0": {"precision": 0.6428571428571429, "recall": 0.9, "f1-score": 0.75, "support": 40.0}, "2.0": {"precision": 0.6153846153846154, "recall": 0.6, "f1-score": 0.6075949367088608, "support": 40.0}, "7.0": {"precision": 0.8235294117647058, "recall": 0.35, "f1-score": 0.49122807017543857, "support": 40.0}, "8.0": {"precision": 0.8333333333333334, "recall": 0.625, "f1-score": 0.7142857142857143, "support": 40.0}, "10.0": {"precision": 0.25, "recall": 0.225, "f1-score": 0.23684210526315788, "support": 40.0}, "18.0": {"precision": 0.8181818181818182, "recall": 0.45, "f1-score": 0.5806451612903226, "support": 40.0}, "20.0": {"precision": 0.6744186046511628, "recall": 0.725, "f1-score": 0.6987951807228916, "support": 40.0}, "23.0": {"precision": 0.9393939393939394, "recall": 0.775, "f1-score": 0.8493150684931506, "support": 40.0}, "24.0": {"precision": 0.38235294117647056, "recall": 0.325, "f1-score": 0.35135135135135137, "support": 40.0}, "25.0": {"precision": 0.6428571428571429, "recall": 0.45, "f1-score": 0.5294117647058824, "support": 40.0}, "28.0": {"precision": 0.9, "recall": 0.225, "f1-score": 0.36, "support": 40.0}, "32.0": {"precision": 0.9333333333333333, "recall": 0.7, "f1-score": 0.8, "support": 40.0}, "33.0": {"precision": 0.6071428571428571, "recall": 0.425, "f1-score": 0.5, "support": 40.0}, "34.0": {"precision": 0.38961038961038963, "recall": 0.75, "f1-score": 0.5128205128205128, "support": 40.0}, "36.0": {"precision": 0.6296296296296297, "recall": 0.425, "f1-score": 0.5074626865671642, "support": 40.0}, "40.0": {"precision": 0.6923076923076923, "recall": 0.45, "f1-score": 0.5454545454545454, "support": 40.0}, "45.0": {"precision": 0.42105263157894735, "recall": 0.4, "f1-score": 0.41025641025641024, "support": 40.0}, "46.0": {"precision": 0.46153846153846156, "recall": 0.45, "f1-score": 0.45569620253164556, "support": 40.0}, "48.0": {"precision": 0.325, "recall": 0.325, "f1-score": 0.325, "support": 40.0}, "51.0": {"precision": 0.1, "recall": 0.075, "f1-score": 0.08571428571428572, "support": 40.0}, "52.0": {"precision": 0.37333333333333335, "recall": 0.7, "f1-score": 0.48695652173913045, "support": 40.0}, "56.0": {"precision": 0.5, "recall": 0.025, "f1-score": 0.047619047619047616, "support": 40.0}, "57.0": {"precision": 0.4583333333333333, "recall": 0.55, "f1-score": 0.5, "support": 40.0}, "60.0": {"precision": 0.5833333333333334, "recall": 0.7, "f1-score": 0.6363636363636364, "support": 40.0}, "62.0": {"precision": 0.2222222222222222, "recall": 0.15, "f1-score": 0.1791044776119403, "support": 40.0}, "63.0": {"precision": 0.45, "recall": 0.9, "f1-score": 0.6, "support": 40.0}, "65.0": {"precision": 0.44680851063829785, "recall": 0.525, "f1-score": 0.4827586206896552, "support": 40.0}, "72.0": {"precision": 0.625, "recall": 0.375, "f1-score": 0.46875, "support": 40.0}, "74.0": {"precision": 0.6530612244897959, "recall": 0.8, "f1-score": 0.7191011235955056, "support": 40.0}, "accuracy": 0.505, "macro avg": {"precision": 0.547021040829946, "recall": 0.5050000000000001, "f1-score": 0.4866180323518586, "support": 1200.0}, "weighted avg": {"precision": 0.5652550755242775, "recall": 0.505, "f1-score": 0.5028386334302538, "support": 1200.0}}