{"-1.0": {"precision": 0.0, "recall": NaN, "f1-score": 0.0, "support": 0.0}, "17.0": {"precision": 0.8478260869565217, "recall": 0.975, "f1-score": 0.9069767441860465, "support": 40.0}, "22.0": {"precision": 1.0, "recall": 0.675, "f1-score": 0.8059701492537313, "support": 40.0}, "23.0": {"precision": 1.0, "recall": 0.825, "f1-score": 0.9041095890410958, "support": 40.0}, "30.0": {"precision": 0.9714285714285714, "recall": 0.85, "f1-score": 0.9066666666666666, "support": 40.0}, "38.0": {"precision": 0.8571428571428571, "recall": 0.9, "f1-score": 0.8780487804878049, "support": 40.0}, "accuracy": 0.845, "macro avg": {"precision": 0.779399585921325, "recall": 0.845, "f1-score": 0.7336286549392242, "support": 200.0}, "weighted avg": {"precision": 0.93527950310559, "recall": 0.845, "f1-score": 0.8803543859270689, "support": 200.0}}