{"-1.0": {"precision": 0.0, "recall": NaN, "f1-score": 0.0, "support": 0.0}, "0.0": {"precision": 0.9047619047619048, "recall": 0.95, "f1-score": 0.926829268292683, "support": 40.0}, "7.0": {"precision": 1.0, "recall": 0.225, "f1-score": 0.3673469387755102, "support": 40.0}, "11.0": {"precision": 0.7291666666666666, "recall": 0.875, "f1-score": 0.7954545454545454, "support": 40.0}, "14.0": {"precision": 0.5862068965517241, "recall": 0.85, "f1-score": 0.6938775510204082, "support": 40.0}, "15.0": {"precision": 0.8409090909090909, "recall": 0.925, "f1-score": 0.8809523809523809, "support": 40.0}, "17.0": {"precision": 0.5131578947368421, "recall": 0.975, "f1-score": 0.6724137931034483, "support": 40.0}, "18.0": {"precision": 0.7916666666666666, "recall": 0.475, "f1-score": 0.59375, "support": 40.0}, "20.0": {"precision": 0.6938775510204082, "recall": 0.85, "f1-score": 0.7640449438202247, "support": 40.0}, "21.0": {"precision": 0.5970149253731343, "recall": 1.0, "f1-score": 0.7476635514018691, "support": 40.0}, "22.0": {"precision": 0.8928571428571429, "recall": 0.625, "f1-score": 0.7352941176470589, "support": 40.0}, "27.0": {"precision": 0.38461538461538464, "recall": 0.25, "f1-score": 0.30303030303030304, "support": 40.0}, "30.0": {"precision": 1.0, "recall": 0.925, "f1-score": 0.961038961038961, "support": 40.0}, "31.0": {"precision": 0.75, "recall": 0.525, "f1-score": 0.6176470588235294, "support": 40.0}, "35.0": {"precision": 0.37755102040816324, "recall": 0.925, "f1-score": 0.5362318840579711, "support": 40.0}, "36.0": {"precision": 0.8108108108108109, "recall": 0.75, "f1-score": 0.7792207792207793, "support": 40.0}, "46.0": {"precision": 0.78125, "recall": 0.625, "f1-score": 0.6944444444444444, "support": 40.0}, "49.0": {"precision": 1.0, "recall": 0.2, "f1-score": 0.3333333333333333, "support": 40.0}, "61.0": {"precision": 1.0, "recall": 0.875, "f1-score": 0.9333333333333333, "support": 40.0}, "66.0": {"precision": 0.72, "recall": 0.45, "f1-score": 0.5538461538461539, "support": 40.0}, "76.0": {"precision": 0.5333333333333333, "recall": 0.2, "f1-score": 0.2909090909090909, "support": 40.0}, "accuracy": 0.67375, "macro avg": {"precision": 0.7098656804148226, "recall": 0.6737499999999998, "f1-score": 0.6276505920240967, "support": 800.0}, "weighted avg": {"precision": 0.7453589644355635, "recall": 0.67375, "f1-score": 0.6590331216253014, "support": 800.0}}