{"-1.0": {"precision": 0.0, "recall": NaN, "f1-score": 0.0, "support": 0.0}, "7.0": {"precision": 1.0, "recall": 0.4, "f1-score": 0.5714285714285714, "support": 40.0}, "8.0": {"precision": 0.9545454545454546, "recall": 0.525, "f1-score": 0.6774193548387096, "support": 40.0}, "9.0": {"precision": 0.5806451612903226, "recall": 0.45, "f1-score": 0.5070422535211268, "support": 40.0}, "16.0": {"precision": 0.75, "recall": 0.225, "f1-score": 0.34615384615384615, "support": 40.0}, "17.0": {"precision": 0.7647058823529411, "recall": 0.975, "f1-score": 0.8571428571428571, "support": 40.0}, "31.0": {"precision": 1.0, "recall": 0.725, "f1-score": 0.8405797101449275, "support": 40.0}, "34.0": {"precision": 0.8043478260869565, "recall": 0.925, "f1-score": 0.8604651162790697, "support": 40.0}, "41.0": {"precision": 0.26666666666666666, "recall": 0.7, "f1-score": 0.38620689655172413, "support": 40.0}, "49.0": {"precision": 0.5, "recall": 0.3, "f1-score": 0.375, "support": 40.0}, "74.0": {"precision": 0.8536585365853658, "recall": 0.875, "f1-score": 0.8641975308641975, "support": 40.0}, "accuracy": 0.61, "macro avg": {"precision": 0.6795063206843369, "recall": 0.61, "f1-score": 0.5714214669931846, "support": 400.0}, "weighted avg": {"precision": 0.7474569527527706, "recall": 0.61, "f1-score": 0.6285636136925029, "support": 400.0}}