{"-1.0": {"precision": 0.0, "recall": NaN, "f1-score": 0.0, "support": 0.0}, "0.0": {"precision": 0.6333333333333333, "recall": 0.95, "f1-score": 0.76, "support": 40.0}, "2.0": {"precision": 0.30303030303030304, "recall": 0.75, "f1-score": 0.4316546762589928, "support": 40.0}, "3.0": {"precision": 1.0, "recall": 0.875, "f1-score": 0.9333333333333333, "support": 40.0}, "4.0": {"precision": 0.8333333333333334, "recall": 0.125, "f1-score": 0.21739130434782608, "support": 40.0}, "5.0": {"precision": 0.36363636363636365, "recall": 0.8, "f1-score": 0.5, "support": 40.0}, "6.0": {"precision": 0.7894736842105263, "recall": 0.375, "f1-score": 0.5084745762711864, "support": 40.0}, "8.0": {"precision": 0.8529411764705882, "recall": 0.725, "f1-score": 0.7837837837837838, "support": 40.0}, "14.0": {"precision": 0.6851851851851852, "recall": 0.925, "f1-score": 0.7872340425531915, "support": 40.0}, "15.0": {"precision": 0.5892857142857143, "recall": 0.825, "f1-score": 0.6875, "support": 40.0}, "17.0": {"precision": 1.0, "recall": 0.925, "f1-score": 0.961038961038961, "support": 40.0}, "18.0": {"precision": 0.8205128205128205, "recall": 0.8, "f1-score": 0.810126582278481, "support": 40.0}, "19.0": {"precision": 0.6666666666666666, "recall": 0.9, "f1-score": 0.7659574468085106, "support": 40.0}, "20.0": {"precision": 0.7407407407407407, "recall": 0.5, "f1-score": 0.5970149253731343, "support": 40.0}, "21.0": {"precision": 0.42857142857142855, "recall": 0.9, "f1-score": 0.5806451612903226, "support": 40.0}, "23.0": {"precision": 0.9615384615384616, "recall": 0.625, "f1-score": 0.7575757575757576, "support": 40.0}, "24.0": {"precision": 0.8846153846153846, "recall": 0.575, "f1-score": 0.696969696969697, "support": 40.0}, "25.0": {"precision": 0.5, "recall": 0.2, "f1-score": 0.2857142857142857, "support": 40.0}, "27.0": {"precision": 0.2619047619047619, "recall": 0.275, "f1-score": 0.2682926829268293, "support": 40.0}, "29.0": {"precision": 0.7380952380952381, "recall": 0.775, "f1-score": 0.7560975609756098, "support": 40.0}, "30.0": {"precision": 0.9487179487179487, "recall": 0.925, "f1-score": 0.9367088607594937, "support": 40.0}, "31.0": {"precision": 0.9705882352941176, "recall": 0.825, "f1-score": 0.8918918918918919, "support": 40.0}, "32.0": {"precision": 0.6842105263157895, "recall": 0.975, "f1-score": 0.8041237113402062, "support": 40.0}, "34.0": {"precision": 0.8529411764705882, "recall": 0.725, "f1-score": 0.7837837837837838, "support": 40.0}, "37.0": {"precision": 0.673469387755102, "recall": 0.825, "f1-score": 0.7415730337078652, "support": 40.0}, "38.0": {"precision": 0.6, "recall": 0.15, "f1-score": 0.24, "support": 40.0}, "39.0": {"precision": 1.0, "recall": 0.3, "f1-score": 0.46153846153846156, "support": 40.0}, "42.0": {"precision": 1.0, "recall": 0.775, "f1-score": 0.8732394366197183, "support": 40.0}, "47.0": {"precision": 1.0, "recall": 0.25, "f1-score": 0.4, "support": 40.0}, "49.0": {"precision": 1.0, "recall": 0.15, "f1-score": 0.2608695652173913, "support": 40.0}, "53.0": {"precision": 0.5384615384615384, "recall": 0.525, "f1-score": 0.5316455696202531, "support": 40.0}, "55.0": {"precision": 1.0, "recall": 1.0, "f1-score": 1.0, "support": 40.0}, "58.0": {"precision": 0.4805194805194805, "recall": 0.925, "f1-score": 0.6324786324786325, "support": 40.0}, "59.0": {"precision": 0.34375, "recall": 0.275, "f1-score": 0.3055555555555556, "support": 40.0}, "61.0": {"precision": 0.8, "recall": 0.6, "f1-score": 0.6857142857142857, "support": 40.0}, "63.0": {"precision": 0.7872340425531915, "recall": 0.925, "f1-score": 0.8505747126436781, "support": 40.0}, "64.0": {"precision": 0.559322033898305, "recall": 0.825, "f1-score": 0.6666666666666666, "support": 40.0}, "66.0": {"precision": 0.6666666666666666, "recall": 0.25, "f1-score": 0.36363636363636365, "support": 40.0}, "67.0": {"precision": 0.7272727272727273, "recall": 0.8, "f1-score": 0.7619047619047619, "support": 40.0}, "71.0": {"precision": 0.7692307692307693, "recall": 0.75, "f1-score": 0.759493670886076, "support": 40.0}, "74.0": {"precision": 0.9090909090909091, "recall": 1.0, "f1-score": 0.9523809523809523, "support": 40.0}, "accuracy": 0.665, "macro avg": {"precision": 0.7162034155701947, "recall": 0.665, "f1-score": 0.6339654803377058, "support": 1600.0}, "weighted avg": {"precision": 0.7341085009594495, "recall": 0.665, "f1-score": 0.6498146173461485, "support": 1600.0}}