{"-1.0": {"precision": 0.0, "recall": NaN, "f1-score": 0.0, "support": 0.0}, "1.0": {"precision": 0.9047619047619048, "recall": 0.95, "f1-score": 0.926829268292683, "support": 40.0}, "2.0": {"precision": 1.0, "recall": 0.525, "f1-score": 0.6885245901639344, "support": 40.0}, "7.0": {"precision": 1.0, "recall": 0.025, "f1-score": 0.04878048780487805, "support": 40.0}, "8.0": {"precision": 1.0, "recall": 0.15, "f1-score": 0.2608695652173913, "support": 40.0}, "13.0": {"precision": 0.8333333333333334, "recall": 0.125, "f1-score": 0.21739130434782608, "support": 40.0}, "16.0": {"precision": 0.7647058823529411, "recall": 0.325, "f1-score": 0.45614035087719296, "support": 40.0}, "17.0": {"precision": 0.5909090909090909, "recall": 0.975, "f1-score": 0.7358490566037735, "support": 40.0}, "20.0": {"precision": 0.3333333333333333, "recall": 0.1, "f1-score": 0.15384615384615385, "support": 40.0}, "22.0": {"precision": 0.75, "recall": 0.075, "f1-score": 0.13636363636363635, "support": 40.0}, "23.0": {"precision": 1.0, "recall": 0.525, "f1-score": 0.6885245901639344, "support": 40.0}, "24.0": {"precision": 0.336734693877551, "recall": 0.825, "f1-score": 0.4782608695652174, "support": 40.0}, "30.0": {"precision": 0.8947368421052632, "recall": 0.425, "f1-score": 0.576271186440678, "support": 40.0}, "31.0": {"precision": 0.9743589743589743, "recall": 0.95, "f1-score": 0.9620253164556962, "support": 40.0}, "34.0": {"precision": 0.8787878787878788, "recall": 0.725, "f1-score": 0.7945205479452054, "support": 40.0}, "38.0": {"precision": 0.5789473684210527, "recall": 0.275, "f1-score": 0.3728813559322034, "support": 40.0}, "41.0": {"precision": 0.16595744680851063, "recall": 0.975, "f1-score": 0.28363636363636363, "support": 40.0}, "44.0": {"precision": 1.0, "recall": 0.7, "f1-score": 0.8235294117647058, "support": 40.0}, "49.0": {"precision": 0.6153846153846154, "recall": 0.2, "f1-score": 0.3018867924528302, "support": 40.0}, "69.0": {"precision": 1.0, "recall": 0.55, "f1-score": 0.7096774193548387, "support": 40.0}, "73.0": {"precision": 0.9166666666666666, "recall": 0.275, "f1-score": 0.4230769230769231, "support": 40.0}, "accuracy": 0.48375, "macro avg": {"precision": 0.7399341919571959, "recall": 0.48374999999999996, "f1-score": 0.4780421519193365, "support": 800.0}, "weighted avg": {"precision": 0.7769309015550558, "recall": 0.48375, "f1-score": 0.5019442595153033, "support": 800.0}}