{"-1.0": {"precision": 0.0, "recall": NaN, "f1-score": 0.0, "support": 0.0}, "0.0": {"precision": 0.6031746031746031, "recall": 0.95, "f1-score": 0.7378640776699029, "support": 40.0}, "1.0": {"precision": 0.8857142857142857, "recall": 0.775, "f1-score": 0.8266666666666667, "support": 40.0}, "2.0": {"precision": 0.6181818181818182, "recall": 0.85, "f1-score": 0.7157894736842105, "support": 40.0}, "7.0": {"precision": 0.8285714285714286, "recall": 0.725, "f1-score": 0.7733333333333333, "support": 40.0}, "8.0": {"precision": 0.8285714285714286, "recall": 0.725, "f1-score": 0.7733333333333333, "support": 40.0}, "10.0": {"precision": 0.8, "recall": 0.4, "f1-score": 0.5333333333333333, "support": 40.0}, "18.0": {"precision": 0.7659574468085106, "recall": 0.9, "f1-score": 0.8275862068965517, "support": 40.0}, "20.0": {"precision": 0.6153846153846154, "recall": 0.8, "f1-score": 0.6956521739130435, "support": 40.0}, "23.0": {"precision": 1.0, "recall": 0.675, "f1-score": 0.8059701492537313, "support": 40.0}, "24.0": {"precision": 0.7333333333333333, "recall": 0.55, "f1-score": 0.6285714285714286, "support": 40.0}, "25.0": {"precision": 0.8, "recall": 0.3, "f1-score": 0.43636363636363634, "support": 40.0}, "28.0": {"precision": 1.0, "recall": 0.175, "f1-score": 0.2978723404255319, "support": 40.0}, "32.0": {"precision": 0.6290322580645161, "recall": 0.975, "f1-score": 0.7647058823529411, "support": 40.0}, "33.0": {"precision": 0.8, "recall": 0.4, "f1-score": 0.5333333333333333, "support": 40.0}, "34.0": {"precision": 0.9428571428571428, "recall": 0.825, "f1-score": 0.88, "support": 40.0}, "36.0": {"precision": 0.5098039215686274, "recall": 0.65, "f1-score": 0.5714285714285714, "support": 40.0}, "40.0": {"precision": 0.9024390243902439, "recall": 0.925, "f1-score": 0.9135802469135802, "support": 40.0}, "45.0": {"precision": 0.5294117647058824, "recall": 0.9, "f1-score": 0.6666666666666666, "support": 40.0}, "46.0": {"precision": 0.5172413793103449, "recall": 0.375, "f1-score": 0.43478260869565216, "support": 40.0}, "48.0": {"precision": 0.7021276595744681, "recall": 0.825, "f1-score": 0.7586206896551724, "support": 40.0}, "51.0": {"precision": 0.8, "recall": 0.8, "f1-score": 0.8, "support": 40.0}, "52.0": {"precision": 0.78, "recall": 0.975, "f1-score": 0.8666666666666667, "support": 40.0}, "56.0": {"precision": 0.5526315789473685, "recall": 0.525, "f1-score": 0.5384615384615384, "support": 40.0}, "57.0": {"precision": 0.8064516129032258, "recall": 0.625, "f1-score": 0.704225352112676, "support": 40.0}, "60.0": {"precision": 0.8125, "recall": 0.975, "f1-score": 0.8863636363636364, "support": 40.0}, "62.0": {"precision": 0.6666666666666666, "recall": 0.25, "f1-score": 0.36363636363636365, "support": 40.0}, "63.0": {"precision": 0.5735294117647058, "recall": 0.975, "f1-score": 0.7222222222222222, "support": 40.0}, "65.0": {"precision": 0.6458333333333334, "recall": 0.775, "f1-score": 0.7045454545454546, "support": 40.0}, "72.0": {"precision": 0.8780487804878049, "recall": 0.9, "f1-score": 0.8888888888888888, "support": 40.0}, "74.0": {"precision": 0.8888888888888888, "recall": 1.0, "f1-score": 0.9411764705882353, "support": 40.0}, "accuracy": 0.7166666666666667, "macro avg": {"precision": 0.723108141393653, "recall": 0.7166666666666667, "f1-score": 0.6771497014831065, "support": 1200.0}, "weighted avg": {"precision": 0.7472117461067748, "recall": 0.7166666666666667, "f1-score": 0.69972135819921, "support": 1200.0}}