{"-1.0": {"precision": 0.0, "recall": NaN, "f1-score": 0.0, "support": 0.0}, "0.0": {"precision": 0.6727272727272727, "recall": 0.925, "f1-score": 0.7789473684210526, "support": 40.0}, "1.0": {"precision": 0.9444444444444444, "recall": 0.85, "f1-score": 0.8947368421052632, "support": 40.0}, "3.0": {"precision": 0.7555555555555555, "recall": 0.85, "f1-score": 0.8, "support": 40.0}, "9.0": {"precision": 0.7837837837837838, "recall": 0.725, "f1-score": 0.7532467532467533, "support": 40.0}, "18.0": {"precision": 0.8571428571428571, "recall": 0.75, "f1-score": 0.8, "support": 40.0}, "19.0": {"precision": 0.6166666666666667, "recall": 0.925, "f1-score": 0.74, "support": 40.0}, "20.0": {"precision": 0.65625, "recall": 0.525, "f1-score": 0.5833333333333334, "support": 40.0}, "21.0": {"precision": 0.582089552238806, "recall": 0.975, "f1-score": 0.7289719626168224, "support": 40.0}, "23.0": {"precision": 0.9642857142857143, "recall": 0.675, "f1-score": 0.7941176470588235, "support": 40.0}, "25.0": {"precision": 0.6666666666666666, "recall": 0.25, "f1-score": 0.36363636363636365, "support": 40.0}, "26.0": {"precision": 0.49122807017543857, "recall": 0.7, "f1-score": 0.5773195876288659, "support": 40.0}, "27.0": {"precision": 0.22448979591836735, "recall": 0.275, "f1-score": 0.24719101123595505, "support": 40.0}, "28.0": {"precision": 1.0, "recall": 0.2, "f1-score": 0.3333333333333333, "support": 40.0}, "32.0": {"precision": 0.8666666666666667, "recall": 0.975, "f1-score": 0.9176470588235294, "support": 40.0}, "33.0": {"precision": 0.6086956521739131, "recall": 0.7, "f1-score": 0.6511627906976745, "support": 40.0}, "34.0": {"precision": 0.9354838709677419, "recall": 0.725, "f1-score": 0.8169014084507042, "support": 40.0}, "40.0": {"precision": 1.0, "recall": 0.975, "f1-score": 0.9873417721518988, "support": 40.0}, "41.0": {"precision": 0.8536585365853658, "recall": 0.875, "f1-score": 0.8641975308641975, "support": 40.0}, "45.0": {"precision": 0.6428571428571429, "recall": 0.9, "f1-score": 0.75, "support": 40.0}, "46.0": {"precision": 0.42857142857142855, "recall": 0.3, "f1-score": 0.35294117647058826, "support": 40.0}, "49.0": {"precision": 1.0, "recall": 0.15, "f1-score": 0.2608695652173913, "support": 40.0}, "50.0": {"precision": 0.75, "recall": 0.15, "f1-score": 0.25, "support": 40.0}, "51.0": {"precision": 0.6666666666666666, "recall": 0.8, "f1-score": 0.7272727272727273, "support": 40.0}, "52.0": {"precision": 0.8478260869565217, "recall": 0.975, "f1-score": 0.9069767441860465, "support": 40.0}, "56.0": {"precision": 0.7, "recall": 0.35, "f1-score": 0.4666666666666667, "support": 40.0}, "60.0": {"precision": 0.9069767441860465, "recall": 0.975, "f1-score": 0.9397590361445783, "support": 40.0}, "62.0": {"precision": 0.37037037037037035, "recall": 0.25, "f1-score": 0.29850746268656714, "support": 40.0}, "63.0": {"precision": 0.6610169491525424, "recall": 0.975, "f1-score": 0.7878787878787878, "support": 40.0}, "64.0": {"precision": 0.45454545454545453, "recall": 0.875, "f1-score": 0.5982905982905983, "support": 40.0}, "65.0": {"precision": 0.5925925925925926, "recall": 0.8, "f1-score": 0.6808510638297872, "support": 40.0}, "accuracy": 0.6791666666666667, "macro avg": {"precision": 0.6935889852225169, "recall": 0.6791666666666668, "f1-score": 0.6339386642660747, "support": 1200.0}, "weighted avg": {"precision": 0.7167086180632675, "recall": 0.6791666666666667, "f1-score": 0.6550699530749436, "support": 1200.0}}