{"-1.0": {"precision": 0.0, "recall": NaN, "f1-score": 0.0, "support": 0.0}, "0.0": {"precision": 0.8333333333333334, "recall": 0.125, "f1-score": 0.21739130434782608, "support": 40.0}, "1.0": {"precision": 0.975, "recall": 0.975, "f1-score": 0.975, "support": 40.0}, "2.0": {"precision": 1.0, "recall": 0.025, "f1-score": 0.04878048780487805, "support": 40.0}, "5.0": {"precision": 1.0, "recall": 0.025, "f1-score": 0.04878048780487805, "support": 40.0}, "6.0": {"precision": 1.0, "recall": 0.125, "f1-score": 0.2222222222222222, "support": 40.0}, "7.0": {"precision": 1.0, "recall": 0.025, "f1-score": 0.04878048780487805, "support": 40.0}, "8.0": {"precision": 1.0, "recall": 0.275, "f1-score": 0.43137254901960786, "support": 40.0}, "10.0": {"precision": 1.0, "recall": 0.025, "f1-score": 0.04878048780487805, "support": 40.0}, "11.0": {"precision": 1.0, "recall": 0.075, "f1-score": 0.13953488372093023, "support": 40.0}, "13.0": {"precision": 0.6666666666666666, "recall": 0.05, "f1-score": 0.09302325581395349, "support": 40.0}, "14.0": {"precision": 0.14691943127962084, "recall": 0.775, "f1-score": 0.24701195219123506, "support": 40.0}, "16.0": {"precision": 0.13793103448275862, "recall": 0.7, "f1-score": 0.23045267489711935, "support": 40.0}, "17.0": {"precision": 0.3050847457627119, "recall": 0.9, "f1-score": 0.45569620253164556, "support": 40.0}, "18.0": {"precision": NaN, "recall": 0.0, "f1-score": 0.0, "support": 40.0}, "19.0": {"precision": 0.3076923076923077, "recall": 0.1, "f1-score": 0.1509433962264151, "support": 40.0}, "20.0": {"precision": 0.25, "recall": 0.025, "f1-score": 0.045454545454545456, "support": 40.0}, "21.0": {"precision": NaN, "recall": 0.0, "f1-score": 0.0, "support": 40.0}, "22.0": {"precision": 1.0, "recall": 0.025, "f1-score": 0.04878048780487805, "support": 40.0}, "23.0": {"precision": 1.0, "recall": 0.35, "f1-score": 0.5185185185185185, "support": 40.0}, "24.0": {"precision": 0.13903743315508021, "recall": 0.65, "f1-score": 0.2290748898678414, "support": 40.0}, "25.0": {"precision": 1.0, "recall": 0.025, "f1-score": 0.04878048780487805, "support": 40.0}, "27.0": {"precision": 1.0, "recall": 0.025, "f1-score": 0.04878048780487805, "support": 40.0}, "28.0": {"precision": 1.0, "recall": 0.05, "f1-score": 0.09523809523809523, "support": 40.0}, "29.0": {"precision": 0.72, "recall": 0.45, "f1-score": 0.5538461538461539, "support": 40.0}, "30.0": {"precision": 0.5526315789473685, "recall": 0.525, "f1-score": 0.5384615384615384, "support": 40.0}, "31.0": {"precision": 1.0, "recall": 0.025, "f1-score": 0.04878048780487805, "support": 40.0}, "32.0": {"precision": 0.3804347826086957, "recall": 0.875, "f1-score": 0.5303030303030303, "support": 40.0}, "33.0": {"precision": 0.7222222222222222, "recall": 0.325, "f1-score": 0.4482758620689655, "support": 40.0}, "34.0": {"precision": 0.16842105263157894, "recall": 0.4, "f1-score": 0.23703703703703705, "support": 40.0}, "36.0": {"precision": 0.3333333333333333, "recall": 0.35, "f1-score": 0.34146341463414637, "support": 40.0}, "37.0": {"precision": 1.0, "recall": 0.05, "f1-score": 0.09523809523809523, "support": 40.0}, "38.0": {"precision": 0.2631578947368421, "recall": 0.125, "f1-score": 0.1694915254237288, "support": 40.0}, "39.0": {"precision": NaN, "recall": 0.0, "f1-score": 0.0, "support": 40.0}, "40.0": {"precision": 0.5757575757575758, "recall": 0.475, "f1-score": 0.5205479452054794, "support": 40.0}, "41.0": {"precision": 0.1780821917808219, "recall": 0.975, "f1-score": 0.30115830115830117, "support": 40.0}, "42.0": {"precision": 1.0, "recall": 0.025, "f1-score": 0.04878048780487805, "support": 40.0}, "43.0": {"precision": 1.0, "recall": 0.05, "f1-score": 0.09523809523809523, "support": 40.0}, "44.0": {"precision": 0.5806451612903226, "recall": 0.9, "f1-score": 0.7058823529411765, "support": 40.0}, "46.0": {"precision": 0.391304347826087, "recall": 0.225, "f1-score": 0.2857142857142857, "support": 40.0}, "47.0": {"precision": 0.5, "recall": 0.05, "f1-score": 0.09090909090909091, "support": 40.0}, "49.0": {"precision": 0.38235294117647056, "recall": 0.325, "f1-score": 0.35135135135135137, "support": 40.0}, "51.0": {"precision": NaN, "recall": 0.0, "f1-score": 0.0, "support": 40.0}, "52.0": {"precision": 0.9333333333333333, "recall": 0.35, "f1-score": 0.509090909090909, "support": 40.0}, "54.0": {"precision": 0.3076923076923077, "recall": 0.2, "f1-score": 0.24242424242424243, "support": 40.0}, "57.0": {"precision": 1.0, "recall": 0.025, "f1-score": 0.04878048780487805, "support": 40.0}, "66.0": {"precision": 1.0, "recall": 0.075, "f1-score": 0.13953488372093023, "support": 40.0}, "67.0": {"precision": 0.7692307692307693, "recall": 0.25, "f1-score": 0.37735849056603776, "support": 40.0}, "69.0": {"precision": 0.12542372881355932, "recall": 0.925, "f1-score": 0.2208955223880597, "support": 40.0}, "72.0": {"precision": 1.0, "recall": 0.075, "f1-score": 0.13953488372093023, "support": 40.0}, "73.0": {"precision": 0.14634146341463414, "recall": 0.15, "f1-score": 0.14814814814814814, "support": 40.0}, "accuracy": 0.271, "macro avg": {"precision": 0.6551495667482637, "recall": 0.27099999999999996, "f1-score": 0.22707146132722494, "support": 2000.0}, "weighted avg": {"precision": 0.6693919486340956, "recall": 0.271, "f1-score": 0.23161289055376935, "support": 2000.0}}