{"-1.0": {"precision": 0.0, "recall": NaN, "f1-score": 0.0, "support": 0.0}, "17.0": {"precision": 0.7090909090909091, "recall": 0.975, "f1-score": 0.8210526315789474, "support": 40.0}, "22.0": {"precision": 1.0, "recall": 0.675, "f1-score": 0.8059701492537313, "support": 40.0}, "23.0": {"precision": 0.9705882352941176, "recall": 0.825, "f1-score": 0.8918918918918919, "support": 40.0}, "30.0": {"precision": 1.0, "recall": 0.8, "f1-score": 0.8888888888888888, "support": 40.0}, "38.0": {"precision": 0.868421052631579, "recall": 0.825, "f1-score": 0.8461538461538461, "support": 40.0}, "accuracy": 0.82, "macro avg": {"precision": 0.7580166995027676, "recall": 0.82, "f1-score": 0.708992901294551, "support": 200.0}, "weighted avg": {"precision": 0.9096200394033211, "recall": 0.82, "f1-score": 0.8507914815534612, "support": 200.0}}