{"-1.0": {"precision": 0.0, "recall": NaN, "f1-score": 0.0, "support": 0.0}, "0.0": {"precision": 0.74, "recall": 0.925, "f1-score": 0.8222222222222222, "support": 40.0}, "2.0": {"precision": 0.3875, "recall": 0.775, "f1-score": 0.5166666666666667, "support": 40.0}, "3.0": {"precision": 0.85, "recall": 0.85, "f1-score": 0.85, "support": 40.0}, "4.0": {"precision": 0.375, "recall": 0.225, "f1-score": 0.28125, "support": 40.0}, "5.0": {"precision": 0.38571428571428573, "recall": 0.675, "f1-score": 0.4909090909090909, "support": 40.0}, "6.0": {"precision": 0.5454545454545454, "recall": 0.3, "f1-score": 0.3870967741935484, "support": 40.0}, "8.0": {"precision": 0.9333333333333333, "recall": 0.7, "f1-score": 0.8, "support": 40.0}, "14.0": {"precision": 0.5806451612903226, "recall": 0.9, "f1-score": 0.7058823529411765, "support": 40.0}, "15.0": {"precision": 0.5789473684210527, "recall": 0.825, "f1-score": 0.6804123711340206, "support": 40.0}, "17.0": {"precision": 0.7755102040816326, "recall": 0.95, "f1-score": 0.8539325842696629, "support": 40.0}, "18.0": {"precision": 0.9230769230769231, "recall": 0.6, "f1-score": 0.7272727272727273, "support": 40.0}, "19.0": {"precision": 0.7, "recall": 0.875, "f1-score": 0.7777777777777778, "support": 40.0}, "20.0": {"precision": 0.6756756756756757, "recall": 0.625, "f1-score": 0.6493506493506493, "support": 40.0}, "21.0": {"precision": 0.38144329896907214, "recall": 0.925, "f1-score": 0.5401459854014599, "support": 40.0}, "23.0": {"precision": 0.9655172413793104, "recall": 0.7, "f1-score": 0.8115942028985508, "support": 40.0}, "24.0": {"precision": 0.875, "recall": 0.7, "f1-score": 0.7777777777777778, "support": 40.0}, "25.0": {"precision": 0.375, "recall": 0.375, "f1-score": 0.375, "support": 40.0}, "27.0": {"precision": 0.25, "recall": 0.225, "f1-score": 0.23684210526315788, "support": 40.0}, "29.0": {"precision": 0.75, "recall": 0.6, "f1-score": 0.6666666666666666, "support": 40.0}, "30.0": {"precision": 0.9705882352941176, "recall": 0.825, "f1-score": 0.8918918918918919, "support": 40.0}, "31.0": {"precision": 0.6052631578947368, "recall": 0.575, "f1-score": 0.5897435897435898, "support": 40.0}, "32.0": {"precision": 0.7142857142857143, "recall": 0.625, "f1-score": 0.6666666666666666, "support": 40.0}, "34.0": {"precision": 0.6904761904761905, "recall": 0.725, "f1-score": 0.7073170731707317, "support": 40.0}, "37.0": {"precision": 0.673469387755102, "recall": 0.825, "f1-score": 0.7415730337078652, "support": 40.0}, "38.0": {"precision": 0.6666666666666666, "recall": 0.15, "f1-score": 0.24489795918367346, "support": 40.0}, "39.0": {"precision": 1.0, "recall": 0.425, "f1-score": 0.5964912280701754, "support": 40.0}, "42.0": {"precision": 1.0, "recall": 0.725, "f1-score": 0.8405797101449275, "support": 40.0}, "47.0": {"precision": 0.85, "recall": 0.425, "f1-score": 0.5666666666666667, "support": 40.0}, "49.0": {"precision": 0.8, "recall": 0.2, "f1-score": 0.32, "support": 40.0}, "53.0": {"precision": 0.6129032258064516, "recall": 0.475, "f1-score": 0.5352112676056338, "support": 40.0}, "55.0": {"precision": 0.975609756097561, "recall": 1.0, "f1-score": 0.9876543209876543, "support": 40.0}, "58.0": {"precision": 0.4927536231884058, "recall": 0.85, "f1-score": 0.6238532110091743, "support": 40.0}, "59.0": {"precision": 0.44680851063829785, "recall": 0.525, "f1-score": 0.4827586206896552, "support": 40.0}, "61.0": {"precision": 1.0, "recall": 0.425, "f1-score": 0.5964912280701754, "support": 40.0}, "63.0": {"precision": 0.8478260869565217, "recall": 0.975, "f1-score": 0.9069767441860465, "support": 40.0}, "64.0": {"precision": 0.7567567567567568, "recall": 0.7, "f1-score": 0.7272727272727273, "support": 40.0}, "66.0": {"precision": 0.7368421052631579, "recall": 0.35, "f1-score": 0.4745762711864407, "support": 40.0}, "67.0": {"precision": 0.6545454545454545, "recall": 0.9, "f1-score": 0.7578947368421053, "support": 40.0}, "71.0": {"precision": 0.825, "recall": 0.825, "f1-score": 0.825, "support": 40.0}, "74.0": {"precision": 0.8666666666666667, "recall": 0.975, "f1-score": 0.9176470588235294, "support": 40.0}, "accuracy": 0.65625, "macro avg": {"precision": 0.6886409652606819, "recall": 0.65625, "f1-score": 0.6329747307479142, "support": 1600.0}, "weighted avg": {"precision": 0.705856989392199, "recall": 0.65625, "f1-score": 0.648799099016612, "support": 1600.0}}