{"-1.0": {"precision": 0.0, "recall": NaN, "f1-score": 0.0, "support": 0.0}, "0.0": {"precision": 0.578125, "recall": 0.925, "f1-score": 0.7115384615384616, "support": 40.0}, "1.0": {"precision": 0.9411764705882353, "recall": 0.8, "f1-score": 0.8648648648648649, "support": 40.0}, "3.0": {"precision": 0.5555555555555556, "recall": 0.875, "f1-score": 0.6796116504854369, "support": 40.0}, "6.0": {"precision": 0.8157894736842105, "recall": 0.775, "f1-score": 0.7948717948717948, "support": 40.0}, "7.0": {"precision": 0.76, "recall": 0.475, "f1-score": 0.5846153846153846, "support": 40.0}, "8.0": {"precision": 0.8484848484848485, "recall": 0.7, "f1-score": 0.7671232876712328, "support": 40.0}, "9.0": {"precision": 0.6744186046511628, "recall": 0.725, "f1-score": 0.6987951807228916, "support": 40.0}, "10.0": {"precision": 0.375, "recall": 0.075, "f1-score": 0.125, "support": 40.0}, "14.0": {"precision": 0.6428571428571429, "recall": 0.9, "f1-score": 0.75, "support": 40.0}, "15.0": {"precision": 0.6181818181818182, "recall": 0.85, "f1-score": 0.7157894736842105, "support": 40.0}, "17.0": {"precision": 1.0, "recall": 0.925, "f1-score": 0.961038961038961, "support": 40.0}, "18.0": {"precision": 0.868421052631579, "recall": 0.825, "f1-score": 0.8461538461538461, "support": 40.0}, "21.0": {"precision": 0.43902439024390244, "recall": 0.9, "f1-score": 0.5901639344262295, "support": 40.0}, "22.0": {"precision": 0.8823529411764706, "recall": 0.375, "f1-score": 0.5263157894736842, "support": 40.0}, "23.0": {"precision": 1.0, "recall": 0.675, "f1-score": 0.8059701492537313, "support": 40.0}, "24.0": {"precision": 0.8695652173913043, "recall": 0.5, "f1-score": 0.6349206349206349, "support": 40.0}, "25.0": {"precision": 0.47058823529411764, "recall": 0.2, "f1-score": 0.2807017543859649, "support": 40.0}, "27.0": {"precision": 0.2037037037037037, "recall": 0.275, "f1-score": 0.23404255319148937, "support": 40.0}, "29.0": {"precision": 1.0, "recall": 0.875, "f1-score": 0.9333333333333333, "support": 40.0}, "31.0": {"precision": 0.5892857142857143, "recall": 0.825, "f1-score": 0.6875, "support": 40.0}, "32.0": {"precision": 0.6964285714285714, "recall": 0.975, "f1-score": 0.8125, "support": 40.0}, "33.0": {"precision": 1.0, "recall": 0.425, "f1-score": 0.5964912280701754, "support": 40.0}, "34.0": {"precision": 0.8571428571428571, "recall": 0.75, "f1-score": 0.8, "support": 40.0}, "38.0": {"precision": 0.6666666666666666, "recall": 0.15, "f1-score": 0.24489795918367346, "support": 40.0}, "45.0": {"precision": 0.7037037037037037, "recall": 0.95, "f1-score": 0.8085106382978723, "support": 40.0}, "48.0": {"precision": 0.5789473684210527, "recall": 0.825, "f1-score": 0.6804123711340206, "support": 40.0}, "49.0": {"precision": 1.0, "recall": 0.15, "f1-score": 0.2608695652173913, "support": 40.0}, "51.0": {"precision": 0.7, "recall": 0.875, "f1-score": 0.7777777777777778, "support": 40.0}, "53.0": {"precision": 0.5294117647058824, "recall": 0.45, "f1-score": 0.4864864864864865, "support": 40.0}, "55.0": {"precision": 0.9523809523809523, "recall": 1.0, "f1-score": 0.975609756097561, "support": 40.0}, "57.0": {"precision": 0.9722222222222222, "recall": 0.875, "f1-score": 0.9210526315789473, "support": 40.0}, "58.0": {"precision": 0.75, "recall": 0.9, "f1-score": 0.8181818181818182, "support": 40.0}, "61.0": {"precision": 0.8823529411764706, "recall": 0.75, "f1-score": 0.8108108108108109, "support": 40.0}, "63.0": {"precision": 0.6981132075471698, "recall": 0.925, "f1-score": 0.7956989247311828, "support": 40.0}, "64.0": {"precision": 0.5230769230769231, "recall": 0.85, "f1-score": 0.6476190476190476, "support": 40.0}, "65.0": {"precision": 0.7894736842105263, "recall": 0.75, "f1-score": 0.7692307692307693, "support": 40.0}, "66.0": {"precision": 0.625, "recall": 0.375, "f1-score": 0.46875, "support": 40.0}, "71.0": {"precision": 0.8260869565217391, "recall": 0.95, "f1-score": 0.8837209302325582, "support": 40.0}, "72.0": {"precision": 0.8857142857142857, "recall": 0.775, "f1-score": 0.8266666666666667, "support": 40.0}, "74.0": {"precision": 0.851063829787234, "recall": 1.0, "f1-score": 0.9195402298850575, "support": 40.0}, "accuracy": 0.704375, "macro avg": {"precision": 0.7224467342301468, "recall": 0.704375, "f1-score": 0.6706628942886335, "support": 1600.0}, "weighted avg": {"precision": 0.7405079025859004, "recall": 0.704375, "f1-score": 0.6874294666458493, "support": 1600.0}}