{"-1.0": {"precision": 0.0, "recall": NaN, "f1-score": 0.0, "support": 0.0}, "0.0": {"precision": 0.6909090909090909, "recall": 0.95, "f1-score": 0.8, "support": 40.0}, "7.0": {"precision": 0.8, "recall": 0.3, "f1-score": 0.43636363636363634, "support": 40.0}, "11.0": {"precision": 0.8409090909090909, "recall": 0.925, "f1-score": 0.8809523809523809, "support": 40.0}, "14.0": {"precision": 0.5686274509803921, "recall": 0.725, "f1-score": 0.6373626373626373, "support": 40.0}, "15.0": {"precision": 0.7647058823529411, "recall": 0.975, "f1-score": 0.8571428571428571, "support": 40.0}, "17.0": {"precision": 0.5352112676056338, "recall": 0.95, "f1-score": 0.6846846846846847, "support": 40.0}, "18.0": {"precision": 0.76, "recall": 0.475, "f1-score": 0.5846153846153846, "support": 40.0}, "20.0": {"precision": 0.6140350877192983, "recall": 0.875, "f1-score": 0.7216494845360825, "support": 40.0}, "21.0": {"precision": 0.5342465753424658, "recall": 0.975, "f1-score": 0.6902654867256637, "support": 40.0}, "22.0": {"precision": 1.0, "recall": 0.6, "f1-score": 0.75, "support": 40.0}, "27.0": {"precision": 0.55, "recall": 0.275, "f1-score": 0.36666666666666664, "support": 40.0}, "30.0": {"precision": 0.8604651162790697, "recall": 0.925, "f1-score": 0.891566265060241, "support": 40.0}, "31.0": {"precision": 0.7380952380952381, "recall": 0.775, "f1-score": 0.7560975609756098, "support": 40.0}, "35.0": {"precision": 0.38144329896907214, "recall": 0.925, "f1-score": 0.5401459854014599, "support": 40.0}, "36.0": {"precision": 1.0, "recall": 0.725, "f1-score": 0.8405797101449275, "support": 40.0}, "46.0": {"precision": 0.8571428571428571, "recall": 0.6, "f1-score": 0.7058823529411765, "support": 40.0}, "49.0": {"precision": 0.6, "recall": 0.075, "f1-score": 0.13333333333333333, "support": 40.0}, "61.0": {"precision": 1.0, "recall": 0.8, "f1-score": 0.8888888888888888, "support": 40.0}, "66.0": {"precision": 0.8947368421052632, "recall": 0.425, "f1-score": 0.576271186440678, "support": 40.0}, "76.0": {"precision": 0.7272727272727273, "recall": 0.2, "f1-score": 0.3137254901960784, "support": 40.0}, "accuracy": 0.67375, "macro avg": {"precision": 0.7008476440801495, "recall": 0.67375, "f1-score": 0.6217235234491613, "support": 800.0}, "weighted avg": {"precision": 0.735890026284157, "recall": 0.67375, "f1-score": 0.6528096996216193, "support": 800.0}}