{"-1.0": {"precision": 0.0, "recall": NaN, "f1-score": 0.0, "support": 0.0}, "0.0": {"precision": 0.47297297297297297, "recall": 0.875, "f1-score": 0.6140350877192983, "support": 40.0}, "1.0": {"precision": 0.7906976744186046, "recall": 0.85, "f1-score": 0.8192771084337349, "support": 40.0}, "2.0": {"precision": 0.49122807017543857, "recall": 0.7, "f1-score": 0.5773195876288659, "support": 40.0}, "7.0": {"precision": 0.8421052631578947, "recall": 0.4, "f1-score": 0.5423728813559322, "support": 40.0}, "8.0": {"precision": 0.84, "recall": 0.525, "f1-score": 0.6461538461538462, "support": 40.0}, "10.0": {"precision": 0.2903225806451613, "recall": 0.225, "f1-score": 0.2535211267605634, "support": 40.0}, "18.0": {"precision": 0.75, "recall": 0.45, "f1-score": 0.5625, "support": 40.0}, "20.0": {"precision": 0.5, "recall": 0.775, "f1-score": 0.6078431372549019, "support": 40.0}, "23.0": {"precision": 0.9696969696969697, "recall": 0.8, "f1-score": 0.8767123287671232, "support": 40.0}, "24.0": {"precision": 0.5588235294117647, "recall": 0.475, "f1-score": 0.5135135135135135, "support": 40.0}, "25.0": {"precision": 0.5217391304347826, "recall": 0.3, "f1-score": 0.38095238095238093, "support": 40.0}, "28.0": {"precision": 1.0, "recall": 0.2, "f1-score": 0.3333333333333333, "support": 40.0}, "32.0": {"precision": 0.7931034482758621, "recall": 0.575, "f1-score": 0.6666666666666666, "support": 40.0}, "33.0": {"precision": 0.5714285714285714, "recall": 0.3, "f1-score": 0.39344262295081966, "support": 40.0}, "34.0": {"precision": 0.543859649122807, "recall": 0.775, "f1-score": 0.6391752577319587, "support": 40.0}, "36.0": {"precision": 0.5789473684210527, "recall": 0.55, "f1-score": 0.5641025641025641, "support": 40.0}, "40.0": {"precision": 0.7391304347826086, "recall": 0.425, "f1-score": 0.5396825396825397, "support": 40.0}, "45.0": {"precision": 0.27419354838709675, "recall": 0.425, "f1-score": 0.3333333333333333, "support": 40.0}, "46.0": {"precision": 0.475, "recall": 0.475, "f1-score": 0.475, "support": 40.0}, "48.0": {"precision": 0.325, "recall": 0.325, "f1-score": 0.325, "support": 40.0}, "51.0": {"precision": 0.1794871794871795, "recall": 0.175, "f1-score": 0.17721518987341772, "support": 40.0}, "52.0": {"precision": 0.36923076923076925, "recall": 0.6, "f1-score": 0.45714285714285713, "support": 40.0}, "56.0": {"precision": 0.3076923076923077, "recall": 0.1, "f1-score": 0.1509433962264151, "support": 40.0}, "57.0": {"precision": 0.36363636363636365, "recall": 0.4, "f1-score": 0.38095238095238093, "support": 40.0}, "60.0": {"precision": 0.6785714285714286, "recall": 0.95, "f1-score": 0.7916666666666666, "support": 40.0}, "62.0": {"precision": 0.375, "recall": 0.225, "f1-score": 0.28125, "support": 40.0}, "63.0": {"precision": 0.38461538461538464, "recall": 0.875, "f1-score": 0.5343511450381679, "support": 40.0}, "65.0": {"precision": 0.5869565217391305, "recall": 0.675, "f1-score": 0.627906976744186, "support": 40.0}, "72.0": {"precision": 0.8275862068965517, "recall": 0.6, "f1-score": 0.6956521739130435, "support": 40.0}, "74.0": {"precision": 0.918918918918919, "recall": 0.85, "f1-score": 0.8831168831168831, "support": 40.0}, "accuracy": 0.5291666666666667, "macro avg": {"precision": 0.5587078803909556, "recall": 0.5291666666666667, "f1-score": 0.5046495156779159, "support": 1200.0}, "weighted avg": {"precision": 0.5773314764039874, "recall": 0.5291666666666667, "f1-score": 0.5214711662005131, "support": 1200.0}}