{"-1.0": {"precision": 0.0, "recall": NaN, "f1-score": 0.0, "support": 0.0}, "7.0": {"precision": 1.0, "recall": 0.425, "f1-score": 0.5964912280701754, "support": 40.0}, "8.0": {"precision": 0.84375, "recall": 0.675, "f1-score": 0.75, "support": 40.0}, "9.0": {"precision": 0.9459459459459459, "recall": 0.875, "f1-score": 0.9090909090909091, "support": 40.0}, "16.0": {"precision": 0.7647058823529411, "recall": 0.325, "f1-score": 0.45614035087719296, "support": 40.0}, "17.0": {"precision": 0.6964285714285714, "recall": 0.975, "f1-score": 0.8125, "support": 40.0}, "31.0": {"precision": 0.96875, "recall": 0.775, "f1-score": 0.8611111111111112, "support": 40.0}, "34.0": {"precision": 0.7391304347826086, "recall": 0.85, "f1-score": 0.7906976744186046, "support": 40.0}, "41.0": {"precision": 0.7111111111111111, "recall": 0.8, "f1-score": 0.7529411764705882, "support": 40.0}, "49.0": {"precision": 0.5, "recall": 0.625, "f1-score": 0.5555555555555556, "support": 40.0}, "74.0": {"precision": 0.8125, "recall": 0.975, "f1-score": 0.8863636363636364, "support": 40.0}, "accuracy": 0.73, "macro avg": {"precision": 0.7256656314201071, "recall": 0.73, "f1-score": 0.6700810583597976, "support": 400.0}, "weighted avg": {"precision": 0.7982321945621179, "recall": 0.73, "f1-score": 0.7370891641957773, "support": 400.0}}