{"-1.0": {"precision": 0.0, "recall": NaN, "f1-score": 0.0, "support": 0.0}, "17.0": {"precision": 1.0, "recall": 1.0, "f1-score": 1.0, "support": 40.0}, "22.0": {"precision": 0.9285714285714286, "recall": 0.975, "f1-score": 0.9512195121951219, "support": 40.0}, "23.0": {"precision": 0.9487179487179487, "recall": 0.925, "f1-score": 0.9367088607594937, "support": 40.0}, "30.0": {"precision": 1.0, "recall": 1.0, "f1-score": 1.0, "support": 40.0}, "38.0": {"precision": 0.9459459459459459, "recall": 0.875, "f1-score": 0.9090909090909091, "support": 40.0}, "accuracy": 0.955, "macro avg": {"precision": 0.8038725538725539, "recall": 0.9550000000000001, "f1-score": 0.799503213674254, "support": 200.0}, "weighted avg": {"precision": 0.9646470646470646, "recall": 0.955, "f1-score": 0.9594038564091051, "support": 200.0}}