{"-1.0": {"precision": 0.0, "recall": NaN, "f1-score": 0.0, "support": 0.0}, "7.0": {"precision": 1.0, "recall": 0.525, "f1-score": 0.6885245901639344, "support": 40.0}, "8.0": {"precision": 1.0, "recall": 0.8, "f1-score": 0.8888888888888888, "support": 40.0}, "9.0": {"precision": 0.8444444444444444, "recall": 0.95, "f1-score": 0.8941176470588236, "support": 40.0}, "16.0": {"precision": 0.8, "recall": 0.7, "f1-score": 0.7466666666666667, "support": 40.0}, "17.0": {"precision": 0.6610169491525424, "recall": 0.975, "f1-score": 0.7878787878787878, "support": 40.0}, "31.0": {"precision": 0.8461538461538461, "recall": 0.55, "f1-score": 0.6666666666666666, "support": 40.0}, "34.0": {"precision": 0.8085106382978723, "recall": 0.95, "f1-score": 0.8735632183908046, "support": 40.0}, "41.0": {"precision": 0.7450980392156863, "recall": 0.95, "f1-score": 0.8351648351648352, "support": 40.0}, "49.0": {"precision": 0.9142857142857143, "recall": 0.8, "f1-score": 0.8533333333333334, "support": 40.0}, "74.0": {"precision": 0.8333333333333334, "recall": 1.0, "f1-score": 0.9090909090909091, "support": 40.0}, "accuracy": 0.82, "macro avg": {"precision": 0.7684402695348581, "recall": 0.82, "f1-score": 0.7403541403003318, "support": 400.0}, "weighted avg": {"precision": 0.8452842964883438, "recall": 0.82, "f1-score": 0.8143895543303651, "support": 400.0}}