{"-1.0": {"precision": 0.0, "recall": NaN, "f1-score": 0.0, "support": 0.0}, "0.0": {"precision": 0.782608695652174, "recall": 0.9, "f1-score": 0.8372093023255814, "support": 40.0}, "2.0": {"precision": 0.5531914893617021, "recall": 0.65, "f1-score": 0.5977011494252874, "support": 40.0}, "3.0": {"precision": 0.6818181818181818, "recall": 0.375, "f1-score": 0.4838709677419355, "support": 40.0}, "4.0": {"precision": 0.2, "recall": 0.325, "f1-score": 0.24761904761904763, "support": 40.0}, "5.0": {"precision": 0.41379310344827586, "recall": 0.6, "f1-score": 0.4897959183673469, "support": 40.0}, "6.0": {"precision": 0.4074074074074074, "recall": 0.275, "f1-score": 0.3283582089552239, "support": 40.0}, "8.0": {"precision": 0.7647058823529411, "recall": 0.65, "f1-score": 0.7027027027027027, "support": 40.0}, "14.0": {"precision": 0.47058823529411764, "recall": 0.6, "f1-score": 0.5274725274725275, "support": 40.0}, "15.0": {"precision": 0.42424242424242425, "recall": 0.35, "f1-score": 0.3835616438356164, "support": 40.0}, "17.0": {"precision": 0.7555555555555555, "recall": 0.85, "f1-score": 0.8, "support": 40.0}, "18.0": {"precision": 0.6153846153846154, "recall": 0.2, "f1-score": 0.3018867924528302, "support": 40.0}, "19.0": {"precision": 0.47619047619047616, "recall": 0.75, "f1-score": 0.5825242718446602, "support": 40.0}, "20.0": {"precision": 0.48, "recall": 0.6, "f1-score": 0.5333333333333333, "support": 40.0}, "21.0": {"precision": 0.45454545454545453, "recall": 0.875, "f1-score": 0.5982905982905983, "support": 40.0}, "23.0": {"precision": 0.9333333333333333, "recall": 0.7, "f1-score": 0.8, "support": 40.0}, "24.0": {"precision": 0.7352941176470589, "recall": 0.625, "f1-score": 0.6756756756756757, "support": 40.0}, "25.0": {"precision": 0.19148936170212766, "recall": 0.225, "f1-score": 0.20689655172413793, "support": 40.0}, "27.0": {"precision": 0.2459016393442623, "recall": 0.375, "f1-score": 0.297029702970297, "support": 40.0}, "29.0": {"precision": 0.6216216216216216, "recall": 0.575, "f1-score": 0.5974025974025974, "support": 40.0}, "30.0": {"precision": 0.9428571428571428, "recall": 0.825, "f1-score": 0.88, "support": 40.0}, "31.0": {"precision": 0.375, "recall": 0.225, "f1-score": 0.28125, "support": 40.0}, "32.0": {"precision": 0.8214285714285714, "recall": 0.575, "f1-score": 0.6764705882352942, "support": 40.0}, "34.0": {"precision": 0.6578947368421053, "recall": 0.625, "f1-score": 0.6410256410256411, "support": 40.0}, "37.0": {"precision": 0.673469387755102, "recall": 0.825, "f1-score": 0.7415730337078652, "support": 40.0}, "38.0": {"precision": 0.46153846153846156, "recall": 0.15, "f1-score": 0.22641509433962265, "support": 40.0}, "39.0": {"precision": 0.7692307692307693, "recall": 0.25, "f1-score": 0.37735849056603776, "support": 40.0}, "42.0": {"precision": 0.8888888888888888, "recall": 0.6, "f1-score": 0.7164179104477612, "support": 40.0}, "47.0": {"precision": 0.5609756097560976, "recall": 0.575, "f1-score": 0.5679012345679012, "support": 40.0}, "49.0": {"precision": 1.0, "recall": 0.2, "f1-score": 0.3333333333333333, "support": 40.0}, "53.0": {"precision": 0.39473684210526316, "recall": 0.375, "f1-score": 0.38461538461538464, "support": 40.0}, "55.0": {"precision": 0.8333333333333334, "recall": 1.0, "f1-score": 0.9090909090909091, "support": 40.0}, "58.0": {"precision": 0.5681818181818182, "recall": 0.625, "f1-score": 0.5952380952380952, "support": 40.0}, "59.0": {"precision": 0.31746031746031744, "recall": 0.5, "f1-score": 0.3883495145631068, "support": 40.0}, "61.0": {"precision": 0.75, "recall": 0.075, "f1-score": 0.13636363636363635, "support": 40.0}, "63.0": {"precision": 0.6923076923076923, "recall": 0.9, "f1-score": 0.782608695652174, "support": 40.0}, "64.0": {"precision": 0.5, "recall": 0.625, "f1-score": 0.5555555555555556, "support": 40.0}, "66.0": {"precision": 0.4827586206896552, "recall": 0.35, "f1-score": 0.4057971014492754, "support": 40.0}, "67.0": {"precision": 0.5476190476190477, "recall": 0.575, "f1-score": 0.5609756097560976, "support": 40.0}, "71.0": {"precision": 0.5490196078431373, "recall": 0.7, "f1-score": 0.6153846153846154, "support": 40.0}, "74.0": {"precision": 0.7111111111111111, "recall": 0.8, "f1-score": 0.7529411764705882, "support": 40.0}, "accuracy": 0.546875, "macro avg": {"precision": 0.5781825257036646, "recall": 0.5468749999999999, "f1-score": 0.5248779661585925, "support": 1600.0}, "weighted avg": {"precision": 0.5926370888462561, "recall": 0.546875, "f1-score": 0.5379999153125573, "support": 1600.0}}