{"-1.0": {"precision": 0.0, "recall": NaN, "f1-score": 0.0, "support": 0.0}, "0.0": {"precision": 0.6, "recall": 0.075, "f1-score": 0.13333333333333333, "support": 40.0}, "1.0": {"precision": 1.0, "recall": 0.8, "f1-score": 0.8888888888888888, "support": 40.0}, "2.0": {"precision": 1.0, "recall": 0.025, "f1-score": 0.04878048780487805, "support": 40.0}, "5.0": {"precision": 1.0, "recall": 0.025, "f1-score": 0.04878048780487805, "support": 40.0}, "6.0": {"precision": 1.0, "recall": 0.05, "f1-score": 0.09523809523809523, "support": 40.0}, "7.0": {"precision": 1.0, "recall": 0.025, "f1-score": 0.04878048780487805, "support": 40.0}, "8.0": {"precision": 1.0, "recall": 0.1, "f1-score": 0.18181818181818182, "support": 40.0}, "11.0": {"precision": 1.0, "recall": 0.375, "f1-score": 0.5454545454545454, "support": 40.0}, "13.0": {"precision": 0.6521739130434783, "recall": 0.375, "f1-score": 0.47619047619047616, "support": 40.0}, "14.0": {"precision": 0.15028901734104047, "recall": 0.65, "f1-score": 0.24413145539906103, "support": 40.0}, "16.0": {"precision": 0.23809523809523808, "recall": 0.125, "f1-score": 0.16393442622950818, "support": 40.0}, "17.0": {"precision": 0.8604651162790697, "recall": 0.925, "f1-score": 0.891566265060241, "support": 40.0}, "18.0": {"precision": NaN, "recall": 0.0, "f1-score": 0.0, "support": 40.0}, "19.0": {"precision": 0.07142857142857142, "recall": 0.025, "f1-score": 0.037037037037037035, "support": 40.0}, "20.0": {"precision": NaN, "recall": 0.0, "f1-score": 0.0, "support": 40.0}, "22.0": {"precision": NaN, "recall": 0.0, "f1-score": 0.0, "support": 40.0}, "23.0": {"precision": 1.0, "recall": 0.25, "f1-score": 0.4, "support": 40.0}, "24.0": {"precision": 0.4666666666666667, "recall": 0.525, "f1-score": 0.49411764705882355, "support": 40.0}, "25.0": {"precision": 1.0, "recall": 0.05, "f1-score": 0.09523809523809523, "support": 40.0}, "27.0": {"precision": 1.0, "recall": 0.025, "f1-score": 0.04878048780487805, "support": 40.0}, "28.0": {"precision": 1.0, "recall": 0.05, "f1-score": 0.09523809523809523, "support": 40.0}, "29.0": {"precision": 0.9655172413793104, "recall": 0.7, "f1-score": 0.8115942028985508, "support": 40.0}, "30.0": {"precision": 0.8, "recall": 0.6, "f1-score": 0.6857142857142857, "support": 40.0}, "31.0": {"precision": 1.0, "recall": 0.025, "f1-score": 0.04878048780487805, "support": 40.0}, "33.0": {"precision": 0.38, "recall": 0.475, "f1-score": 0.4222222222222222, "support": 40.0}, "34.0": {"precision": 0.25663716814159293, "recall": 0.725, "f1-score": 0.3790849673202614, "support": 40.0}, "36.0": {"precision": 0.2761904761904762, "recall": 0.725, "f1-score": 0.4, "support": 40.0}, "38.0": {"precision": 0.625, "recall": 0.25, "f1-score": 0.35714285714285715, "support": 40.0}, "41.0": {"precision": 0.1291390728476821, "recall": 0.975, "f1-score": 0.22807017543859648, "support": 40.0}, "42.0": {"precision": 1.0, "recall": 0.025, "f1-score": 0.04878048780487805, "support": 40.0}, "43.0": {"precision": 0.25, "recall": 0.05, "f1-score": 0.08333333333333333, "support": 40.0}, "44.0": {"precision": 1.0, "recall": 0.775, "f1-score": 0.8732394366197183, "support": 40.0}, "46.0": {"precision": 0.16230366492146597, "recall": 0.775, "f1-score": 0.2683982683982684, "support": 40.0}, "49.0": {"precision": 0.5405405405405406, "recall": 0.5, "f1-score": 0.5194805194805194, "support": 40.0}, "51.0": {"precision": 0.7142857142857143, "recall": 0.125, "f1-score": 0.2127659574468085, "support": 40.0}, "57.0": {"precision": 0.7692307692307693, "recall": 0.25, "f1-score": 0.37735849056603776, "support": 40.0}, "66.0": {"precision": 0.875, "recall": 0.175, "f1-score": 0.2916666666666667, "support": 40.0}, "69.0": {"precision": 0.3490566037735849, "recall": 0.925, "f1-score": 0.5068493150684932, "support": 40.0}, "72.0": {"precision": 1.0, "recall": 0.05, "f1-score": 0.09523809523809523, "support": 40.0}, "73.0": {"precision": 0.5, "recall": 0.525, "f1-score": 0.5121951219512195, "support": 40.0}, "accuracy": 0.328125, "macro avg": {"precision": 0.6745268361622422, "recall": 0.328125, "f1-score": 0.29412739962242884, "support": 1600.0}, "weighted avg": {"precision": 0.692757291193654, "recall": 0.328125, "f1-score": 0.3014805846129896, "support": 1600.0}}