{"-1.0": {"precision": 0.0, "recall": NaN, "f1-score": 0.0, "support": 0.0}, "0.0": {"precision": 0.6206896551724138, "recall": 0.9, "f1-score": 0.7346938775510204, "support": 40.0}, "2.0": {"precision": 0.4909090909090909, "recall": 0.675, "f1-score": 0.5684210526315789, "support": 40.0}, "5.0": {"precision": 0.32857142857142857, "recall": 0.575, "f1-score": 0.41818181818181815, "support": 40.0}, "7.0": {"precision": 0.6875, "recall": 0.275, "f1-score": 0.39285714285714285, "support": 40.0}, "8.0": {"precision": 0.8, "recall": 0.6, "f1-score": 0.6857142857142857, "support": 40.0}, "9.0": {"precision": 0.5666666666666667, "recall": 0.425, "f1-score": 0.4857142857142857, "support": 40.0}, "10.0": {"precision": 0.43333333333333335, "recall": 0.325, "f1-score": 0.37142857142857144, "support": 40.0}, "11.0": {"precision": 0.5526315789473685, "recall": 0.525, "f1-score": 0.5384615384615384, "support": 40.0}, "12.0": {"precision": 0.5, "recall": 0.75, "f1-score": 0.6, "support": 40.0}, "14.0": {"precision": 0.46551724137931033, "recall": 0.675, "f1-score": 0.5510204081632653, "support": 40.0}, "16.0": {"precision": 0.4642857142857143, "recall": 0.325, "f1-score": 0.38235294117647056, "support": 40.0}, "17.0": {"precision": 0.8297872340425532, "recall": 0.975, "f1-score": 0.896551724137931, "support": 40.0}, "18.0": {"precision": 0.9285714285714286, "recall": 0.325, "f1-score": 0.48148148148148145, "support": 40.0}, "19.0": {"precision": 0.75, "recall": 0.825, "f1-score": 0.7857142857142857, "support": 40.0}, "20.0": {"precision": 0.3888888888888889, "recall": 0.525, "f1-score": 0.44680851063829785, "support": 40.0}, "22.0": {"precision": 0.4423076923076923, "recall": 0.575, "f1-score": 0.5, "support": 40.0}, "23.0": {"precision": 0.8571428571428571, "recall": 0.75, "f1-score": 0.8, "support": 40.0}, "25.0": {"precision": 0.375, "recall": 0.225, "f1-score": 0.28125, "support": 40.0}, "27.0": {"precision": 0.30303030303030304, "recall": 0.25, "f1-score": 0.273972602739726, "support": 40.0}, "28.0": {"precision": 0.3157894736842105, "recall": 0.15, "f1-score": 0.2033898305084746, "support": 40.0}, "29.0": {"precision": 0.6046511627906976, "recall": 0.65, "f1-score": 0.6265060240963856, "support": 40.0}, "30.0": {"precision": 0.925, "recall": 0.925, "f1-score": 0.925, "support": 40.0}, "33.0": {"precision": 0.5641025641025641, "recall": 0.55, "f1-score": 0.5569620253164557, "support": 40.0}, "34.0": {"precision": 0.5434782608695652, "recall": 0.625, "f1-score": 0.5813953488372093, "support": 40.0}, "35.0": {"precision": 0.3698630136986301, "recall": 0.675, "f1-score": 0.4778761061946903, "support": 40.0}, "36.0": {"precision": 0.4772727272727273, "recall": 0.525, "f1-score": 0.5, "support": 40.0}, "37.0": {"precision": 0.4246575342465753, "recall": 0.775, "f1-score": 0.5486725663716814, "support": 40.0}, "38.0": {"precision": 0.8571428571428571, "recall": 0.45, "f1-score": 0.5901639344262295, "support": 40.0}, "39.0": {"precision": 0.5454545454545454, "recall": 0.3, "f1-score": 0.3870967741935484, "support": 40.0}, "41.0": {"precision": 0.5526315789473685, "recall": 0.525, "f1-score": 0.5384615384615384, "support": 40.0}, "42.0": {"precision": 0.7307692307692307, "recall": 0.475, "f1-score": 0.5757575757575758, "support": 40.0}, "44.0": {"precision": 0.603448275862069, "recall": 0.875, "f1-score": 0.7142857142857143, "support": 40.0}, "45.0": {"precision": 0.7058823529411765, "recall": 0.6, "f1-score": 0.6486486486486487, "support": 40.0}, "47.0": {"precision": 0.76, "recall": 0.475, "f1-score": 0.5846153846153846, "support": 40.0}, "48.0": {"precision": 0.3111111111111111, "recall": 0.35, "f1-score": 0.32941176470588235, "support": 40.0}, "50.0": {"precision": 0.39285714285714285, "recall": 0.275, "f1-score": 0.3235294117647059, "support": 40.0}, "55.0": {"precision": 0.7142857142857143, "recall": 1.0, "f1-score": 0.8333333333333334, "support": 40.0}, "57.0": {"precision": 0.44, "recall": 0.55, "f1-score": 0.4888888888888889, "support": 40.0}, "60.0": {"precision": 0.5205479452054794, "recall": 0.95, "f1-score": 0.672566371681416, "support": 40.0}, "62.0": {"precision": 0.5, "recall": 0.275, "f1-score": 0.3548387096774194, "support": 40.0}, "63.0": {"precision": 0.6909090909090909, "recall": 0.95, "f1-score": 0.8, "support": 40.0}, "65.0": {"precision": 0.6923076923076923, "recall": 0.675, "f1-score": 0.6835443037974683, "support": 40.0}, "66.0": {"precision": 0.8888888888888888, "recall": 0.2, "f1-score": 0.32653061224489793, "support": 40.0}, "67.0": {"precision": 0.41935483870967744, "recall": 0.325, "f1-score": 0.36619718309859156, "support": 40.0}, "69.0": {"precision": 0.5714285714285714, "recall": 0.9, "f1-score": 0.6990291262135923, "support": 40.0}, "70.0": {"precision": 0.7619047619047619, "recall": 0.8, "f1-score": 0.7804878048780488, "support": 40.0}, "71.0": {"precision": 0.9583333333333334, "recall": 0.575, "f1-score": 0.71875, "support": 40.0}, "72.0": {"precision": 0.8695652173913043, "recall": 0.5, "f1-score": 0.6349206349206349, "support": 40.0}, "73.0": {"precision": 0.42857142857142855, "recall": 0.15, "f1-score": 0.2222222222222222, "support": 40.0}, "74.0": {"precision": 0.4857142857142857, "recall": 0.425, "f1-score": 0.4533333333333333, "support": 40.0}, "accuracy": 0.5595, "macro avg": {"precision": 0.5766815041892107, "recall": 0.5595, "f1-score": 0.5360988176287387, "support": 2000.0}, "weighted avg": {"precision": 0.588215134272995, "recall": 0.5595, "f1-score": 0.5468207939813133, "support": 2000.0}}