{"-1.0": {"precision": 0.0, "recall": NaN, "f1-score": 0.0, "support": 0.0}, "5.0": {"precision": 0.6896551724137931, "recall": 1.0, "f1-score": 0.8163265306122449, "support": 40.0}, "15.0": {"precision": 0.8780487804878049, "recall": 0.9, "f1-score": 0.8888888888888888, "support": 40.0}, "21.0": {"precision": 0.975609756097561, "recall": 1.0, "f1-score": 0.9876543209876543, "support": 40.0}, "25.0": {"precision": 0.9166666666666666, "recall": 0.55, "f1-score": 0.6875, "support": 40.0}, "59.0": {"precision": 1.0, "recall": 0.8, "f1-score": 0.8888888888888888, "support": 40.0}, "accuracy": 0.85, "macro avg": {"precision": 0.7433300626109709, "recall": 0.85, "f1-score": 0.7115431048962795, "support": 200.0}, "weighted avg": {"precision": 0.891996075133165, "recall": 0.85, "f1-score": 0.8538517258755354, "support": 200.0}}