{"-1.0": {"precision": 0.0, "recall": NaN, "f1-score": 0.0, "support": 0.0}, "0.0": {"precision": 0.8536585365853658, "recall": 0.875, "f1-score": 0.8641975308641975, "support": 40.0}, "2.0": {"precision": 0.3373493975903614, "recall": 0.7, "f1-score": 0.45528455284552843, "support": 40.0}, "3.0": {"precision": 0.7222222222222222, "recall": 0.65, "f1-score": 0.6842105263157895, "support": 40.0}, "4.0": {"precision": 0.21875, "recall": 0.35, "f1-score": 0.2692307692307692, "support": 40.0}, "5.0": {"precision": 0.5283018867924528, "recall": 0.7, "f1-score": 0.6021505376344086, "support": 40.0}, "6.0": {"precision": 0.7037037037037037, "recall": 0.475, "f1-score": 0.5671641791044776, "support": 40.0}, "8.0": {"precision": 0.7222222222222222, "recall": 0.65, "f1-score": 0.6842105263157895, "support": 40.0}, "14.0": {"precision": 0.46296296296296297, "recall": 0.625, "f1-score": 0.5319148936170213, "support": 40.0}, "15.0": {"precision": 0.47368421052631576, "recall": 0.45, "f1-score": 0.46153846153846156, "support": 40.0}, "17.0": {"precision": 0.6428571428571429, "recall": 0.9, "f1-score": 0.75, "support": 40.0}, "18.0": {"precision": 0.8666666666666667, "recall": 0.325, "f1-score": 0.4727272727272727, "support": 40.0}, "19.0": {"precision": 0.7058823529411765, "recall": 0.6, "f1-score": 0.6486486486486487, "support": 40.0}, "20.0": {"precision": 0.5, "recall": 0.55, "f1-score": 0.5238095238095238, "support": 40.0}, "21.0": {"precision": 0.46153846153846156, "recall": 0.9, "f1-score": 0.6101694915254238, "support": 40.0}, "23.0": {"precision": 0.8571428571428571, "recall": 0.75, "f1-score": 0.8, "support": 40.0}, "24.0": {"precision": 0.5909090909090909, "recall": 0.65, "f1-score": 0.6190476190476191, "support": 40.0}, "25.0": {"precision": 0.5454545454545454, "recall": 0.3, "f1-score": 0.3870967741935484, "support": 40.0}, "27.0": {"precision": 0.574468085106383, "recall": 0.675, "f1-score": 0.6206896551724138, "support": 40.0}, "29.0": {"precision": 0.6111111111111112, "recall": 0.55, "f1-score": 0.5789473684210527, "support": 40.0}, "30.0": {"precision": 0.76, "recall": 0.95, "f1-score": 0.8444444444444444, "support": 40.0}, "31.0": {"precision": 0.4782608695652174, "recall": 0.275, "f1-score": 0.3492063492063492, "support": 40.0}, "32.0": {"precision": 0.7419354838709677, "recall": 0.575, "f1-score": 0.647887323943662, "support": 40.0}, "34.0": {"precision": 0.45614035087719296, "recall": 0.65, "f1-score": 0.5360824742268041, "support": 40.0}, "37.0": {"precision": 0.46875, "recall": 0.75, "f1-score": 0.5769230769230769, "support": 40.0}, "38.0": {"precision": 0.42105263157894735, "recall": 0.2, "f1-score": 0.2711864406779661, "support": 40.0}, "39.0": {"precision": 0.6363636363636364, "recall": 0.175, "f1-score": 0.27450980392156865, "support": 40.0}, "42.0": {"precision": 0.7272727272727273, "recall": 0.6, "f1-score": 0.6575342465753424, "support": 40.0}, "47.0": {"precision": 0.68, "recall": 0.425, "f1-score": 0.5230769230769231, "support": 40.0}, "49.0": {"precision": 0.5909090909090909, "recall": 0.325, "f1-score": 0.41935483870967744, "support": 40.0}, "53.0": {"precision": 0.6206896551724138, "recall": 0.45, "f1-score": 0.5217391304347826, "support": 40.0}, "55.0": {"precision": 0.8125, "recall": 0.975, "f1-score": 0.8863636363636364, "support": 40.0}, "58.0": {"precision": 0.62, "recall": 0.775, "f1-score": 0.6888888888888889, "support": 40.0}, "59.0": {"precision": 0.3, "recall": 0.3, "f1-score": 0.3, "support": 40.0}, "61.0": {"precision": 0.9130434782608695, "recall": 0.525, "f1-score": 0.6666666666666666, "support": 40.0}, "63.0": {"precision": 0.782608695652174, "recall": 0.9, "f1-score": 0.8372093023255814, "support": 40.0}, "64.0": {"precision": 0.6111111111111112, "recall": 0.55, "f1-score": 0.5789473684210527, "support": 40.0}, "66.0": {"precision": 0.5833333333333334, "recall": 0.175, "f1-score": 0.2692307692307692, "support": 40.0}, "67.0": {"precision": 0.5384615384615384, "recall": 0.7, "f1-score": 0.6086956521739131, "support": 40.0}, "71.0": {"precision": 0.9615384615384616, "recall": 0.625, "f1-score": 0.7575757575757576, "support": 40.0}, "74.0": {"precision": 0.75, "recall": 0.975, "f1-score": 0.8478260869565217, "support": 40.0}, "accuracy": 0.58875, "macro avg": {"precision": 0.6056794273244078, "recall": 0.5887500000000001, "f1-score": 0.5657167685793983, "support": 1600.0}, "weighted avg": {"precision": 0.6208214130075181, "recall": 0.58875, "f1-score": 0.5798596877938833, "support": 1600.0}}