{"-1.0": {"precision": 0.0, "recall": NaN, "f1-score": 0.0, "support": 0.0}, "0.0": {"precision": 0.7916666666666666, "recall": 0.95, "f1-score": 0.8636363636363636, "support": 40.0}, "7.0": {"precision": 0.875, "recall": 0.35, "f1-score": 0.5, "support": 40.0}, "11.0": {"precision": 0.8636363636363636, "recall": 0.95, "f1-score": 0.9047619047619048, "support": 40.0}, "14.0": {"precision": 0.7872340425531915, "recall": 0.925, "f1-score": 0.8505747126436781, "support": 40.0}, "15.0": {"precision": 0.9047619047619048, "recall": 0.95, "f1-score": 0.926829268292683, "support": 40.0}, "17.0": {"precision": 0.5652173913043478, "recall": 0.975, "f1-score": 0.7155963302752294, "support": 40.0}, "18.0": {"precision": 0.7111111111111111, "recall": 0.8, "f1-score": 0.7529411764705882, "support": 40.0}, "20.0": {"precision": 0.717391304347826, "recall": 0.825, "f1-score": 0.7674418604651163, "support": 40.0}, "21.0": {"precision": 0.582089552238806, "recall": 0.975, "f1-score": 0.7289719626168224, "support": 40.0}, "22.0": {"precision": 1.0, "recall": 0.55, "f1-score": 0.7096774193548387, "support": 40.0}, "27.0": {"precision": 0.3793103448275862, "recall": 0.275, "f1-score": 0.3188405797101449, "support": 40.0}, "30.0": {"precision": 0.9743589743589743, "recall": 0.95, "f1-score": 0.9620253164556962, "support": 40.0}, "31.0": {"precision": 0.7346938775510204, "recall": 0.9, "f1-score": 0.8089887640449438, "support": 40.0}, "35.0": {"precision": 0.4, "recall": 0.95, "f1-score": 0.562962962962963, "support": 40.0}, "36.0": {"precision": 0.967741935483871, "recall": 0.75, "f1-score": 0.8450704225352113, "support": 40.0}, "46.0": {"precision": 0.7931034482758621, "recall": 0.575, "f1-score": 0.6666666666666666, "support": 40.0}, "49.0": {"precision": 1.0, "recall": 0.15, "f1-score": 0.2608695652173913, "support": 40.0}, "61.0": {"precision": 1.0, "recall": 0.95, "f1-score": 0.9743589743589743, "support": 40.0}, "66.0": {"precision": 0.9166666666666666, "recall": 0.55, "f1-score": 0.6875, "support": 40.0}, "76.0": {"precision": 0.8, "recall": 0.2, "f1-score": 0.32, "support": 40.0}, "accuracy": 0.725, "macro avg": {"precision": 0.7506658849421046, "recall": 0.7249999999999999, "f1-score": 0.6727482976413912, "support": 800.0}, "weighted avg": {"precision": 0.7881991791892098, "recall": 0.725, "f1-score": 0.7063857125234607, "support": 800.0}}