{"-1.0": {"precision": 0.0, "recall": NaN, "f1-score": 0.0, "support": 0.0}, "7.0": {"precision": 1.0, "recall": 0.575, "f1-score": 0.7301587301587301, "support": 40.0}, "8.0": {"precision": 0.7380952380952381, "recall": 0.775, "f1-score": 0.7560975609756098, "support": 40.0}, "9.0": {"precision": 0.8837209302325582, "recall": 0.95, "f1-score": 0.9156626506024096, "support": 40.0}, "16.0": {"precision": 0.8108108108108109, "recall": 0.75, "f1-score": 0.7792207792207793, "support": 40.0}, "17.0": {"precision": 0.6190476190476191, "recall": 0.975, "f1-score": 0.7572815533980582, "support": 40.0}, "31.0": {"precision": 0.8947368421052632, "recall": 0.425, "f1-score": 0.576271186440678, "support": 40.0}, "34.0": {"precision": 0.8260869565217391, "recall": 0.95, "f1-score": 0.8837209302325582, "support": 40.0}, "41.0": {"precision": 0.7916666666666666, "recall": 0.95, "f1-score": 0.8636363636363636, "support": 40.0}, "49.0": {"precision": 1.0, "recall": 0.775, "f1-score": 0.8732394366197183, "support": 40.0}, "74.0": {"precision": 0.8888888888888888, "recall": 1.0, "f1-score": 0.9411764705882353, "support": 40.0}, "accuracy": 0.8125, "macro avg": {"precision": 0.768459450215344, "recall": 0.8125, "f1-score": 0.7342241510793763, "support": 400.0}, "weighted avg": {"precision": 0.8453053952368783, "recall": 0.8125, "f1-score": 0.8076465661873141, "support": 400.0}}