{"-1.0": {"precision": 0.0, "recall": NaN, "f1-score": 0.0, "support": 0.0}, "0.0": {"precision": 0.6229508196721312, "recall": 0.95, "f1-score": 0.7524752475247525, "support": 40.0}, "2.0": {"precision": 0.34831460674157305, "recall": 0.775, "f1-score": 0.4806201550387597, "support": 40.0}, "3.0": {"precision": 0.4722222222222222, "recall": 0.85, "f1-score": 0.6071428571428571, "support": 40.0}, "7.0": {"precision": 0.7307692307692307, "recall": 0.475, "f1-score": 0.5757575757575758, "support": 40.0}, "8.0": {"precision": 0.8709677419354839, "recall": 0.675, "f1-score": 0.7605633802816901, "support": 40.0}, "10.0": {"precision": 0.25, "recall": 0.075, "f1-score": 0.11538461538461539, "support": 40.0}, "11.0": {"precision": 0.6511627906976745, "recall": 0.7, "f1-score": 0.6746987951807228, "support": 40.0}, "12.0": {"precision": 0.68, "recall": 0.85, "f1-score": 0.7555555555555555, "support": 40.0}, "14.0": {"precision": 0.7058823529411765, "recall": 0.9, "f1-score": 0.7912087912087912, "support": 40.0}, "16.0": {"precision": 0.6190476190476191, "recall": 0.325, "f1-score": 0.4262295081967213, "support": 40.0}, "17.0": {"precision": 0.5606060606060606, "recall": 0.925, "f1-score": 0.6981132075471698, "support": 40.0}, "18.0": {"precision": 0.8, "recall": 0.8, "f1-score": 0.8, "support": 40.0}, "20.0": {"precision": 0.8205128205128205, "recall": 0.8, "f1-score": 0.810126582278481, "support": 40.0}, "21.0": {"precision": 0.6730769230769231, "recall": 0.875, "f1-score": 0.7608695652173914, "support": 40.0}, "22.0": {"precision": 0.6551724137931034, "recall": 0.475, "f1-score": 0.5507246376811594, "support": 40.0}, "24.0": {"precision": 0.625, "recall": 0.5, "f1-score": 0.5555555555555556, "support": 40.0}, "25.0": {"precision": 0.5238095238095238, "recall": 0.275, "f1-score": 0.36065573770491804, "support": 40.0}, "27.0": {"precision": 0.19642857142857142, "recall": 0.275, "f1-score": 0.22916666666666666, "support": 40.0}, "29.0": {"precision": 0.7209302325581395, "recall": 0.775, "f1-score": 0.7469879518072289, "support": 40.0}, "30.0": {"precision": 0.918918918918919, "recall": 0.85, "f1-score": 0.8831168831168831, "support": 40.0}, "31.0": {"precision": 0.515625, "recall": 0.825, "f1-score": 0.6346153846153846, "support": 40.0}, "33.0": {"precision": 0.5666666666666667, "recall": 0.425, "f1-score": 0.4857142857142857, "support": 40.0}, "34.0": {"precision": 0.8611111111111112, "recall": 0.775, "f1-score": 0.8157894736842105, "support": 40.0}, "37.0": {"precision": 0.7111111111111111, "recall": 0.8, "f1-score": 0.7529411764705882, "support": 40.0}, "38.0": {"precision": 0.6, "recall": 0.15, "f1-score": 0.24, "support": 40.0}, "39.0": {"precision": 0.8888888888888888, "recall": 0.2, "f1-score": 0.32653061224489793, "support": 40.0}, "41.0": {"precision": 0.543859649122807, "recall": 0.775, "f1-score": 0.6391752577319587, "support": 40.0}, "42.0": {"precision": 0.9642857142857143, "recall": 0.675, "f1-score": 0.7941176470588235, "support": 40.0}, "44.0": {"precision": 0.78, "recall": 0.975, "f1-score": 0.8666666666666667, "support": 40.0}, "45.0": {"precision": 0.6481481481481481, "recall": 0.875, "f1-score": 0.7446808510638298, "support": 40.0}, "47.0": {"precision": 1.0, "recall": 0.3, "f1-score": 0.46153846153846156, "support": 40.0}, "48.0": {"precision": 0.4603174603174603, "recall": 0.725, "f1-score": 0.5631067961165048, "support": 40.0}, "50.0": {"precision": 0.6363636363636364, "recall": 0.175, "f1-score": 0.27450980392156865, "support": 40.0}, "52.0": {"precision": 0.9047619047619048, "recall": 0.95, "f1-score": 0.926829268292683, "support": 40.0}, "53.0": {"precision": 0.5, "recall": 0.625, "f1-score": 0.5555555555555556, "support": 40.0}, "55.0": {"precision": 0.9523809523809523, "recall": 1.0, "f1-score": 0.975609756097561, "support": 40.0}, "57.0": {"precision": 1.0, "recall": 0.75, "f1-score": 0.8571428571428571, "support": 40.0}, "58.0": {"precision": 0.6296296296296297, "recall": 0.85, "f1-score": 0.723404255319149, "support": 40.0}, "60.0": {"precision": 0.74, "recall": 0.925, "f1-score": 0.8222222222222222, "support": 40.0}, "62.0": {"precision": 0.5555555555555556, "recall": 0.25, "f1-score": 0.3448275862068966, "support": 40.0}, "64.0": {"precision": 0.4931506849315068, "recall": 0.9, "f1-score": 0.6371681415929203, "support": 40.0}, "66.0": {"precision": 0.6363636363636364, "recall": 0.35, "f1-score": 0.45161290322580644, "support": 40.0}, "67.0": {"precision": 0.7647058823529411, "recall": 0.65, "f1-score": 0.7027027027027027, "support": 40.0}, "69.0": {"precision": 0.5492957746478874, "recall": 0.975, "f1-score": 0.7027027027027027, "support": 40.0}, "70.0": {"precision": 0.8918918918918919, "recall": 0.825, "f1-score": 0.8571428571428571, "support": 40.0}, "71.0": {"precision": 0.7777777777777778, "recall": 0.7, "f1-score": 0.7368421052631579, "support": 40.0}, "72.0": {"precision": 0.96875, "recall": 0.775, "f1-score": 0.8611111111111112, "support": 40.0}, "73.0": {"precision": 0.3333333333333333, "recall": 0.2, "f1-score": 0.25, "support": 40.0}, "74.0": {"precision": 0.7272727272727273, "recall": 0.4, "f1-score": 0.5161290322580645, "support": 40.0}, "76.0": {"precision": 0.5, "recall": 0.175, "f1-score": 0.25925925925925924, "support": 40.0}, "accuracy": 0.642, "macro avg": {"precision": 0.657784705600911, "recall": 0.6419999999999999, "f1-score": 0.6100902353288271, "support": 2000.0}, "weighted avg": {"precision": 0.6709403997129291, "recall": 0.642, "f1-score": 0.6222920400354037, "support": 2000.0}}