{"-1.0": {"precision": 0.0, "recall": NaN, "f1-score": 0.0, "support": 0.0}, "7.0": {"precision": 1.0, "recall": 0.025, "f1-score": 0.04878048780487805, "support": 40.0}, "10.0": {"precision": 0.6666666666666666, "recall": 0.2, "f1-score": 0.3076923076923077, "support": 40.0}, "11.0": {"precision": 1.0, "recall": 0.225, "f1-score": 0.3673469387755102, "support": 40.0}, "12.0": {"precision": 0.2891566265060241, "recall": 0.6, "f1-score": 0.3902439024390244, "support": 40.0}, "15.0": {"precision": 1.0, "recall": 0.2, "f1-score": 0.3333333333333333, "support": 40.0}, "16.0": {"precision": 1.0, "recall": 0.025, "f1-score": 0.04878048780487805, "support": 40.0}, "19.0": {"precision": 0.8333333333333334, "recall": 0.125, "f1-score": 0.21739130434782608, "support": 40.0}, "20.0": {"precision": 1.0, "recall": 0.05, "f1-score": 0.09523809523809523, "support": 40.0}, "21.0": {"precision": 1.0, "recall": 0.4, "f1-score": 0.5714285714285714, "support": 40.0}, "22.0": {"precision": 0.8, "recall": 0.1, "f1-score": 0.17777777777777778, "support": 40.0}, "24.0": {"precision": 0.11212121212121212, "recall": 0.925, "f1-score": 0.2, "support": 40.0}, "27.0": {"precision": NaN, "recall": 0.0, "f1-score": 0.0, "support": 40.0}, "29.0": {"precision": 1.0, "recall": 0.8, "f1-score": 0.8888888888888888, "support": 40.0}, "30.0": {"precision": 0.7, "recall": 0.525, "f1-score": 0.6, "support": 40.0}, "31.0": {"precision": 1.0, "recall": 0.025, "f1-score": 0.04878048780487805, "support": 40.0}, "32.0": {"precision": 0.47297297297297297, "recall": 0.875, "f1-score": 0.6140350877192983, "support": 40.0}, "35.0": {"precision": 1.0, "recall": 0.025, "f1-score": 0.04878048780487805, "support": 40.0}, "36.0": {"precision": 0.39215686274509803, "recall": 0.5, "f1-score": 0.43956043956043955, "support": 40.0}, "43.0": {"precision": 0.16666666666666666, "recall": 0.025, "f1-score": 0.043478260869565216, "support": 40.0}, "44.0": {"precision": 0.717948717948718, "recall": 0.7, "f1-score": 0.7088607594936709, "support": 40.0}, "46.0": {"precision": 0.17647058823529413, "recall": 0.6, "f1-score": 0.2727272727272727, "support": 40.0}, "47.0": {"precision": 0.9375, "recall": 0.375, "f1-score": 0.5357142857142857, "support": 40.0}, "48.0": {"precision": 0.7333333333333333, "recall": 0.275, "f1-score": 0.4, "support": 40.0}, "49.0": {"precision": 0.22123893805309736, "recall": 0.625, "f1-score": 0.32679738562091504, "support": 40.0}, "54.0": {"precision": 0.9090909090909091, "recall": 0.25, "f1-score": 0.39215686274509803, "support": 40.0}, "58.0": {"precision": 1.0, "recall": 0.325, "f1-score": 0.49056603773584906, "support": 40.0}, "67.0": {"precision": 0.9411764705882353, "recall": 0.4, "f1-score": 0.5614035087719298, "support": 40.0}, "71.0": {"precision": 1.0, "recall": 0.325, "f1-score": 0.49056603773584906, "support": 40.0}, "74.0": {"precision": 0.875, "recall": 0.175, "f1-score": 0.2916666666666667, "support": 40.0}, "75.0": {"precision": 0.1643835616438356, "recall": 0.3, "f1-score": 0.21238938053097345, "support": 40.0}, "accuracy": 0.3333333333333333, "macro avg": {"precision": 0.7036405619968465, "recall": 0.3333333333333333, "f1-score": 0.32659306635589225, "support": 1200.0}, "weighted avg": {"precision": 0.7279040296519104, "recall": 0.3333333333333333, "f1-score": 0.3374795019010887, "support": 1200.0}}