{"-1.0": {"precision": 0.0, "recall": NaN, "f1-score": 0.0, "support": 0.0}, "0.0": {"precision": 0.9117647058823529, "recall": 0.775, "f1-score": 0.8378378378378378, "support": 40.0}, "7.0": {"precision": 0.8888888888888888, "recall": 0.4, "f1-score": 0.5517241379310345, "support": 40.0}, "11.0": {"precision": 0.8275862068965517, "recall": 0.6, "f1-score": 0.6956521739130435, "support": 40.0}, "14.0": {"precision": 0.4827586206896552, "recall": 0.35, "f1-score": 0.4057971014492754, "support": 40.0}, "15.0": {"precision": 0.7435897435897436, "recall": 0.725, "f1-score": 0.7341772151898734, "support": 40.0}, "17.0": {"precision": 0.5135135135135135, "recall": 0.95, "f1-score": 0.6666666666666666, "support": 40.0}, "18.0": {"precision": 0.7692307692307693, "recall": 0.25, "f1-score": 0.37735849056603776, "support": 40.0}, "20.0": {"precision": 0.3103448275862069, "recall": 0.45, "f1-score": 0.3673469387755102, "support": 40.0}, "21.0": {"precision": 0.5671641791044776, "recall": 0.95, "f1-score": 0.7102803738317757, "support": 40.0}, "22.0": {"precision": 0.21052631578947367, "recall": 0.1, "f1-score": 0.13559322033898305, "support": 40.0}, "27.0": {"precision": 0.3939393939393939, "recall": 0.325, "f1-score": 0.3561643835616438, "support": 40.0}, "30.0": {"precision": 0.8918918918918919, "recall": 0.825, "f1-score": 0.8571428571428571, "support": 40.0}, "31.0": {"precision": 0.8181818181818182, "recall": 0.675, "f1-score": 0.7397260273972602, "support": 40.0}, "35.0": {"precision": 0.4090909090909091, "recall": 0.9, "f1-score": 0.5625, "support": 40.0}, "36.0": {"precision": 1.0, "recall": 0.6, "f1-score": 0.75, "support": 40.0}, "46.0": {"precision": 0.6666666666666666, "recall": 0.5, "f1-score": 0.5714285714285714, "support": 40.0}, "49.0": {"precision": 0.7368421052631579, "recall": 0.35, "f1-score": 0.4745762711864407, "support": 40.0}, "61.0": {"precision": 0.9705882352941176, "recall": 0.825, "f1-score": 0.8918918918918919, "support": 40.0}, "66.0": {"precision": 0.9, "recall": 0.45, "f1-score": 0.6, "support": 40.0}, "76.0": {"precision": 0.9, "recall": 0.225, "f1-score": 0.36, "support": 40.0}, "accuracy": 0.56125, "macro avg": {"precision": 0.6625032757856947, "recall": 0.5612499999999999, "f1-score": 0.5545649599575572, "support": 800.0}, "weighted avg": {"precision": 0.6956284395749793, "recall": 0.56125, "f1-score": 0.582293207955435, "support": 800.0}}