{"-1.0": {"precision": 0.0, "recall": NaN, "f1-score": 0.0, "support": 0.0}, "0.0": {"precision": 0.8611111111111112, "recall": 0.775, "f1-score": 0.8157894736842105, "support": 40.0}, "1.0": {"precision": 0.6101694915254238, "recall": 0.9, "f1-score": 0.7272727272727273, "support": 40.0}, "2.0": {"precision": 0.5869565217391305, "recall": 0.675, "f1-score": 0.627906976744186, "support": 40.0}, "7.0": {"precision": 0.8947368421052632, "recall": 0.425, "f1-score": 0.576271186440678, "support": 40.0}, "8.0": {"precision": 0.6666666666666666, "recall": 0.45, "f1-score": 0.5373134328358209, "support": 40.0}, "10.0": {"precision": 0.325, "recall": 0.325, "f1-score": 0.325, "support": 40.0}, "18.0": {"precision": 0.8125, "recall": 0.325, "f1-score": 0.4642857142857143, "support": 40.0}, "20.0": {"precision": 0.5, "recall": 0.525, "f1-score": 0.5121951219512195, "support": 40.0}, "23.0": {"precision": 0.9142857142857143, "recall": 0.8, "f1-score": 0.8533333333333334, "support": 40.0}, "24.0": {"precision": 0.5357142857142857, "recall": 0.375, "f1-score": 0.4411764705882353, "support": 40.0}, "25.0": {"precision": 0.53125, "recall": 0.425, "f1-score": 0.4722222222222222, "support": 40.0}, "28.0": {"precision": 0.7142857142857143, "recall": 0.125, "f1-score": 0.2127659574468085, "support": 40.0}, "32.0": {"precision": 0.8076923076923077, "recall": 0.525, "f1-score": 0.6363636363636364, "support": 40.0}, "33.0": {"precision": 0.5333333333333333, "recall": 0.6, "f1-score": 0.5647058823529412, "support": 40.0}, "34.0": {"precision": 0.33707865168539325, "recall": 0.75, "f1-score": 0.46511627906976744, "support": 40.0}, "36.0": {"precision": 0.6470588235294118, "recall": 0.275, "f1-score": 0.38596491228070173, "support": 40.0}, "40.0": {"precision": 0.9285714285714286, "recall": 0.65, "f1-score": 0.7647058823529411, "support": 40.0}, "45.0": {"precision": 0.36065573770491804, "recall": 0.55, "f1-score": 0.43564356435643564, "support": 40.0}, "46.0": {"precision": 0.3333333333333333, "recall": 0.35, "f1-score": 0.34146341463414637, "support": 40.0}, "48.0": {"precision": 0.55, "recall": 0.275, "f1-score": 0.36666666666666664, "support": 40.0}, "51.0": {"precision": 0.4090909090909091, "recall": 0.675, "f1-score": 0.5094339622641509, "support": 40.0}, "52.0": {"precision": 0.4146341463414634, "recall": 0.425, "f1-score": 0.41975308641975306, "support": 40.0}, "56.0": {"precision": 0.4166666666666667, "recall": 0.125, "f1-score": 0.19230769230769232, "support": 40.0}, "57.0": {"precision": 0.5757575757575758, "recall": 0.475, "f1-score": 0.5205479452054794, "support": 40.0}, "60.0": {"precision": 0.5892857142857143, "recall": 0.825, "f1-score": 0.6875, "support": 40.0}, "62.0": {"precision": 0.6470588235294118, "recall": 0.275, "f1-score": 0.38596491228070173, "support": 40.0}, "63.0": {"precision": 0.5, "recall": 0.825, "f1-score": 0.6226415094339622, "support": 40.0}, "65.0": {"precision": 0.5471698113207547, "recall": 0.725, "f1-score": 0.6236559139784946, "support": 40.0}, "72.0": {"precision": 0.7666666666666667, "recall": 0.575, "f1-score": 0.6571428571428571, "support": 40.0}, "74.0": {"precision": 0.825, "recall": 0.825, "f1-score": 0.825, "support": 40.0}, "accuracy": 0.5283333333333333, "macro avg": {"precision": 0.5852171057078257, "recall": 0.5283333333333332, "f1-score": 0.5151648623843703, "support": 1200.0}, "weighted avg": {"precision": 0.6047243425647532, "recall": 0.5283333333333333, "f1-score": 0.5323370244638495, "support": 1200.0}}