{"-1.0": {"precision": 0.0, "recall": NaN, "f1-score": 0.0, "support": 0.0}, "0.0": {"precision": 0.5901639344262295, "recall": 0.9, "f1-score": 0.7128712871287128, "support": 40.0}, "2.0": {"precision": 0.40476190476190477, "recall": 0.85, "f1-score": 0.5483870967741935, "support": 40.0}, "5.0": {"precision": 0.4, "recall": 0.5, "f1-score": 0.4444444444444444, "support": 40.0}, "7.0": {"precision": 0.6842105263157895, "recall": 0.325, "f1-score": 0.4406779661016949, "support": 40.0}, "8.0": {"precision": 0.7647058823529411, "recall": 0.65, "f1-score": 0.7027027027027027, "support": 40.0}, "9.0": {"precision": 0.4423076923076923, "recall": 0.575, "f1-score": 0.5, "support": 40.0}, "10.0": {"precision": 0.56, "recall": 0.35, "f1-score": 0.4307692307692308, "support": 40.0}, "11.0": {"precision": 0.7741935483870968, "recall": 0.6, "f1-score": 0.676056338028169, "support": 40.0}, "12.0": {"precision": 0.5660377358490566, "recall": 0.75, "f1-score": 0.6451612903225806, "support": 40.0}, "14.0": {"precision": 0.5087719298245614, "recall": 0.725, "f1-score": 0.5979381443298969, "support": 40.0}, "16.0": {"precision": 0.6111111111111112, "recall": 0.275, "f1-score": 0.3793103448275862, "support": 40.0}, "17.0": {"precision": 0.9047619047619048, "recall": 0.95, "f1-score": 0.926829268292683, "support": 40.0}, "18.0": {"precision": 0.7916666666666666, "recall": 0.475, "f1-score": 0.59375, "support": 40.0}, "19.0": {"precision": 0.7037037037037037, "recall": 0.95, "f1-score": 0.8085106382978723, "support": 40.0}, "20.0": {"precision": 0.45652173913043476, "recall": 0.525, "f1-score": 0.4883720930232558, "support": 40.0}, "22.0": {"precision": 0.5609756097560976, "recall": 0.575, "f1-score": 0.5679012345679012, "support": 40.0}, "23.0": {"precision": 1.0, "recall": 0.75, "f1-score": 0.8571428571428571, "support": 40.0}, "25.0": {"precision": 0.6842105263157895, "recall": 0.325, "f1-score": 0.4406779661016949, "support": 40.0}, "27.0": {"precision": 0.24444444444444444, "recall": 0.275, "f1-score": 0.25882352941176473, "support": 40.0}, "28.0": {"precision": 0.4090909090909091, "recall": 0.225, "f1-score": 0.2903225806451613, "support": 40.0}, "29.0": {"precision": 0.8108108108108109, "recall": 0.75, "f1-score": 0.7792207792207793, "support": 40.0}, "30.0": {"precision": 0.925, "recall": 0.925, "f1-score": 0.925, "support": 40.0}, "33.0": {"precision": 0.5, "recall": 0.45, "f1-score": 0.47368421052631576, "support": 40.0}, "34.0": {"precision": 0.725, "recall": 0.725, "f1-score": 0.725, "support": 40.0}, "35.0": {"precision": 0.3793103448275862, "recall": 0.825, "f1-score": 0.5196850393700787, "support": 40.0}, "36.0": {"precision": 0.5333333333333333, "recall": 0.8, "f1-score": 0.64, "support": 40.0}, "37.0": {"precision": 0.559322033898305, "recall": 0.825, "f1-score": 0.6666666666666666, "support": 40.0}, "38.0": {"precision": 0.9090909090909091, "recall": 0.5, "f1-score": 0.6451612903225806, "support": 40.0}, "39.0": {"precision": 0.75, "recall": 0.225, "f1-score": 0.34615384615384615, "support": 40.0}, "41.0": {"precision": 0.6590909090909091, "recall": 0.725, "f1-score": 0.6904761904761905, "support": 40.0}, "42.0": {"precision": 0.8888888888888888, "recall": 0.6, "f1-score": 0.7164179104477612, "support": 40.0}, "44.0": {"precision": 0.639344262295082, "recall": 0.975, "f1-score": 0.7722772277227723, "support": 40.0}, "45.0": {"precision": 0.7209302325581395, "recall": 0.775, "f1-score": 0.7469879518072289, "support": 40.0}, "47.0": {"precision": 1.0, "recall": 0.325, "f1-score": 0.49056603773584906, "support": 40.0}, "48.0": {"precision": 0.3793103448275862, "recall": 0.55, "f1-score": 0.4489795918367347, "support": 40.0}, "50.0": {"precision": 0.42857142857142855, "recall": 0.225, "f1-score": 0.29508196721311475, "support": 40.0}, "55.0": {"precision": 0.78, "recall": 0.975, "f1-score": 0.8666666666666667, "support": 40.0}, "57.0": {"precision": 0.8529411764705882, "recall": 0.725, "f1-score": 0.7837837837837838, "support": 40.0}, "60.0": {"precision": 0.5757575757575758, "recall": 0.95, "f1-score": 0.7169811320754716, "support": 40.0}, "62.0": {"precision": 0.7647058823529411, "recall": 0.325, "f1-score": 0.45614035087719296, "support": 40.0}, "63.0": {"precision": 0.6724137931034483, "recall": 0.975, "f1-score": 0.7959183673469388, "support": 40.0}, "65.0": {"precision": 0.6976744186046512, "recall": 0.75, "f1-score": 0.7228915662650602, "support": 40.0}, "66.0": {"precision": 1.0, "recall": 0.175, "f1-score": 0.2978723404255319, "support": 40.0}, "67.0": {"precision": 0.6341463414634146, "recall": 0.65, "f1-score": 0.6419753086419753, "support": 40.0}, "69.0": {"precision": 0.5416666666666666, "recall": 0.975, "f1-score": 0.6964285714285714, "support": 40.0}, "70.0": {"precision": 0.9166666666666666, "recall": 0.825, "f1-score": 0.868421052631579, "support": 40.0}, "71.0": {"precision": 0.7575757575757576, "recall": 0.625, "f1-score": 0.684931506849315, "support": 40.0}, "72.0": {"precision": 0.896551724137931, "recall": 0.65, "f1-score": 0.7536231884057971, "support": 40.0}, "73.0": {"precision": 0.5, "recall": 0.225, "f1-score": 0.3103448275862069, "support": 40.0}, "74.0": {"precision": 0.6521739130434783, "recall": 0.375, "f1-score": 0.47619047619047616, "support": 40.0}, "accuracy": 0.619, "macro avg": {"precision": 0.6492532781027928, "recall": 0.6190000000000001, "f1-score": 0.5934152325801351, "support": 2000.0}, "weighted avg": {"precision": 0.6622383436648487, "recall": 0.619, "f1-score": 0.6052835372317378, "support": 2000.0}}