{"-1.0": {"precision": 0.0, "recall": NaN, "f1-score": 0.0, "support": 0.0}, "0.0": {"precision": 0.9666666666666667, "recall": 0.725, "f1-score": 0.8285714285714286, "support": 40.0}, "7.0": {"precision": 1.0, "recall": 0.3, "f1-score": 0.46153846153846156, "support": 40.0}, "11.0": {"precision": 0.8076923076923077, "recall": 0.525, "f1-score": 0.6363636363636364, "support": 40.0}, "14.0": {"precision": 0.2222222222222222, "recall": 0.2, "f1-score": 0.21052631578947367, "support": 40.0}, "15.0": {"precision": 0.75, "recall": 0.675, "f1-score": 0.7105263157894737, "support": 40.0}, "17.0": {"precision": 0.3939393939393939, "recall": 0.975, "f1-score": 0.5611510791366906, "support": 40.0}, "18.0": {"precision": 0.7692307692307693, "recall": 0.25, "f1-score": 0.37735849056603776, "support": 40.0}, "20.0": {"precision": 0.32653061224489793, "recall": 0.4, "f1-score": 0.3595505617977528, "support": 40.0}, "21.0": {"precision": 0.7755102040816326, "recall": 0.95, "f1-score": 0.8539325842696629, "support": 40.0}, "22.0": {"precision": 0.42857142857142855, "recall": 0.225, "f1-score": 0.29508196721311475, "support": 40.0}, "27.0": {"precision": 0.4838709677419355, "recall": 0.375, "f1-score": 0.4225352112676056, "support": 40.0}, "30.0": {"precision": 0.7346938775510204, "recall": 0.9, "f1-score": 0.8089887640449438, "support": 40.0}, "31.0": {"precision": 0.65, "recall": 0.65, "f1-score": 0.65, "support": 40.0}, "35.0": {"precision": 0.47692307692307695, "recall": 0.775, "f1-score": 0.5904761904761905, "support": 40.0}, "36.0": {"precision": 0.896551724137931, "recall": 0.65, "f1-score": 0.7536231884057971, "support": 40.0}, "46.0": {"precision": 0.5151515151515151, "recall": 0.425, "f1-score": 0.4657534246575342, "support": 40.0}, "49.0": {"precision": 0.5277777777777778, "recall": 0.475, "f1-score": 0.5, "support": 40.0}, "61.0": {"precision": 0.9705882352941176, "recall": 0.825, "f1-score": 0.8918918918918919, "support": 40.0}, "66.0": {"precision": 0.8636363636363636, "recall": 0.475, "f1-score": 0.6129032258064516, "support": 40.0}, "76.0": {"precision": 0.7777777777777778, "recall": 0.175, "f1-score": 0.2857142857142857, "support": 40.0}, "accuracy": 0.5475, "macro avg": {"precision": 0.6351111866971827, "recall": 0.5475, "f1-score": 0.5369755725381159, "support": 800.0}, "weighted avg": {"precision": 0.6668667460320417, "recall": 0.5475, "f1-score": 0.5638243511650216, "support": 800.0}}