{"-1.0": {"precision": 0.0, "recall": NaN, "f1-score": 0.0, "support": 0.0}, "0.0": {"precision": 0.6851851851851852, "recall": 0.925, "f1-score": 0.7872340425531915, "support": 40.0}, "1.0": {"precision": 0.8478260869565217, "recall": 0.975, "f1-score": 0.9069767441860465, "support": 40.0}, "2.0": {"precision": 0.5689655172413793, "recall": 0.825, "f1-score": 0.673469387755102, "support": 40.0}, "7.0": {"precision": 0.7931034482758621, "recall": 0.575, "f1-score": 0.6666666666666666, "support": 40.0}, "8.0": {"precision": 0.8709677419354839, "recall": 0.675, "f1-score": 0.7605633802816901, "support": 40.0}, "10.0": {"precision": 0.5, "recall": 0.35, "f1-score": 0.4117647058823529, "support": 40.0}, "18.0": {"precision": 0.8421052631578947, "recall": 0.8, "f1-score": 0.8205128205128205, "support": 40.0}, "20.0": {"precision": 0.6, "recall": 0.825, "f1-score": 0.6947368421052632, "support": 40.0}, "23.0": {"precision": 0.9444444444444444, "recall": 0.85, "f1-score": 0.8947368421052632, "support": 40.0}, "24.0": {"precision": 0.6875, "recall": 0.55, "f1-score": 0.6111111111111112, "support": 40.0}, "25.0": {"precision": 0.7083333333333334, "recall": 0.425, "f1-score": 0.53125, "support": 40.0}, "28.0": {"precision": 1.0, "recall": 0.275, "f1-score": 0.43137254901960786, "support": 40.0}, "32.0": {"precision": 0.7450980392156863, "recall": 0.95, "f1-score": 0.8351648351648352, "support": 40.0}, "33.0": {"precision": 0.6071428571428571, "recall": 0.425, "f1-score": 0.5, "support": 40.0}, "34.0": {"precision": 0.6875, "recall": 0.825, "f1-score": 0.75, "support": 40.0}, "36.0": {"precision": 0.574468085106383, "recall": 0.675, "f1-score": 0.6206896551724138, "support": 40.0}, "40.0": {"precision": 0.7619047619047619, "recall": 0.8, "f1-score": 0.7804878048780488, "support": 40.0}, "45.0": {"precision": 0.5490196078431373, "recall": 0.7, "f1-score": 0.6153846153846154, "support": 40.0}, "46.0": {"precision": 0.64, "recall": 0.4, "f1-score": 0.49230769230769234, "support": 40.0}, "48.0": {"precision": 0.5471698113207547, "recall": 0.725, "f1-score": 0.6236559139784946, "support": 40.0}, "51.0": {"precision": 0.7894736842105263, "recall": 0.75, "f1-score": 0.7692307692307693, "support": 40.0}, "52.0": {"precision": 0.7307692307692307, "recall": 0.95, "f1-score": 0.8260869565217391, "support": 40.0}, "56.0": {"precision": 0.5151515151515151, "recall": 0.425, "f1-score": 0.4657534246575342, "support": 40.0}, "57.0": {"precision": 0.7741935483870968, "recall": 0.6, "f1-score": 0.676056338028169, "support": 40.0}, "60.0": {"precision": 0.7307692307692307, "recall": 0.95, "f1-score": 0.8260869565217391, "support": 40.0}, "62.0": {"precision": 0.8461538461538461, "recall": 0.275, "f1-score": 0.41509433962264153, "support": 40.0}, "63.0": {"precision": 0.6333333333333333, "recall": 0.95, "f1-score": 0.76, "support": 40.0}, "65.0": {"precision": 0.5882352941176471, "recall": 0.75, "f1-score": 0.6593406593406593, "support": 40.0}, "72.0": {"precision": 0.9354838709677419, "recall": 0.725, "f1-score": 0.8169014084507042, "support": 40.0}, "74.0": {"precision": 0.9285714285714286, "recall": 0.975, "f1-score": 0.9512195121951219, "support": 40.0}, "accuracy": 0.6966666666666667, "macro avg": {"precision": 0.6978344892095252, "recall": 0.6966666666666667, "f1-score": 0.6636727733430418, "support": 1200.0}, "weighted avg": {"precision": 0.7210956388498427, "recall": 0.6966666666666667, "f1-score": 0.6857951991211432, "support": 1200.0}}