{"-1.0": {"precision": 0.0, "recall": NaN, "f1-score": 0.0, "support": 0.0}, "5.0": {"precision": 0.4074074074074074, "recall": 0.825, "f1-score": 0.5454545454545454, "support": 40.0}, "7.0": {"precision": 0.9090909090909091, "recall": 0.25, "f1-score": 0.39215686274509803, "support": 40.0}, "15.0": {"precision": 0.9583333333333334, "recall": 0.575, "f1-score": 0.71875, "support": 40.0}, "17.0": {"precision": 0.9285714285714286, "recall": 0.975, "f1-score": 0.9512195121951219, "support": 40.0}, "21.0": {"precision": 1.0, "recall": 1.0, "f1-score": 1.0, "support": 40.0}, "25.0": {"precision": 0.6388888888888888, "recall": 0.575, "f1-score": 0.6052631578947368, "support": 40.0}, "27.0": {"precision": 0.38095238095238093, "recall": 0.2, "f1-score": 0.26229508196721313, "support": 40.0}, "34.0": {"precision": 0.7272727272727273, "recall": 0.8, "f1-score": 0.7619047619047619, "support": 40.0}, "53.0": {"precision": 1.0, "recall": 0.05, "f1-score": 0.09523809523809523, "support": 40.0}, "59.0": {"precision": 0.75, "recall": 0.9, "f1-score": 0.8181818181818182, "support": 40.0}, "accuracy": 0.615, "macro avg": {"precision": 0.7000470068651887, "recall": 0.615, "f1-score": 0.5591330759619445, "support": 400.0}, "weighted avg": {"precision": 0.7700517075517075, "recall": 0.615, "f1-score": 0.615046383558139, "support": 400.0}}