{"-1.0": {"precision": 0.0, "recall": NaN, "f1-score": 0.0, "support": 0.0}, "0.0": {"precision": 0.5, "recall": 0.925, "f1-score": 0.6491228070175439, "support": 40.0}, "2.0": {"precision": 0.3469387755102041, "recall": 0.85, "f1-score": 0.4927536231884058, "support": 40.0}, "5.0": {"precision": 0.4603174603174603, "recall": 0.725, "f1-score": 0.5631067961165048, "support": 40.0}, "7.0": {"precision": 0.6666666666666666, "recall": 0.35, "f1-score": 0.45901639344262296, "support": 40.0}, "8.0": {"precision": 0.8709677419354839, "recall": 0.675, "f1-score": 0.7605633802816901, "support": 40.0}, "9.0": {"precision": 0.4098360655737705, "recall": 0.625, "f1-score": 0.49504950495049505, "support": 40.0}, "10.0": {"precision": 0.8666666666666667, "recall": 0.325, "f1-score": 0.4727272727272727, "support": 40.0}, "11.0": {"precision": 0.6666666666666666, "recall": 0.65, "f1-score": 0.6582278481012658, "support": 40.0}, "12.0": {"precision": 0.6458333333333334, "recall": 0.775, "f1-score": 0.7045454545454546, "support": 40.0}, "14.0": {"precision": 0.7058823529411765, "recall": 0.9, "f1-score": 0.7912087912087912, "support": 40.0}, "16.0": {"precision": 0.5833333333333334, "recall": 0.35, "f1-score": 0.4375, "support": 40.0}, "17.0": {"precision": 1.0, "recall": 0.925, "f1-score": 0.961038961038961, "support": 40.0}, "18.0": {"precision": 0.7804878048780488, "recall": 0.8, "f1-score": 0.7901234567901234, "support": 40.0}, "19.0": {"precision": 0.6842105263157895, "recall": 0.975, "f1-score": 0.8041237113402062, "support": 40.0}, "20.0": {"precision": 0.65625, "recall": 0.525, "f1-score": 0.5833333333333334, "support": 40.0}, "22.0": {"precision": 0.6, "recall": 0.375, "f1-score": 0.46153846153846156, "support": 40.0}, "23.0": {"precision": 1.0, "recall": 0.625, "f1-score": 0.7692307692307693, "support": 40.0}, "25.0": {"precision": 0.6875, "recall": 0.275, "f1-score": 0.39285714285714285, "support": 40.0}, "27.0": {"precision": 0.16923076923076924, "recall": 0.275, "f1-score": 0.20952380952380953, "support": 40.0}, "28.0": {"precision": 0.4444444444444444, "recall": 0.2, "f1-score": 0.27586206896551724, "support": 40.0}, "29.0": {"precision": 0.7142857142857143, "recall": 0.75, "f1-score": 0.7317073170731707, "support": 40.0}, "30.0": {"precision": 0.9714285714285714, "recall": 0.85, "f1-score": 0.9066666666666666, "support": 40.0}, "33.0": {"precision": 0.5, "recall": 0.4, "f1-score": 0.4444444444444444, "support": 40.0}, "34.0": {"precision": 0.90625, "recall": 0.725, "f1-score": 0.8055555555555556, "support": 40.0}, "35.0": {"precision": 0.3950617283950617, "recall": 0.8, "f1-score": 0.5289256198347108, "support": 40.0}, "36.0": {"precision": 0.5151515151515151, "recall": 0.85, "f1-score": 0.6415094339622641, "support": 40.0}, "37.0": {"precision": 0.7045454545454546, "recall": 0.775, "f1-score": 0.7380952380952381, "support": 40.0}, "38.0": {"precision": 0.875, "recall": 0.175, "f1-score": 0.2916666666666667, "support": 40.0}, "39.0": {"precision": 0.8333333333333334, "recall": 0.125, "f1-score": 0.21739130434782608, "support": 40.0}, "41.0": {"precision": 0.6326530612244898, "recall": 0.775, "f1-score": 0.6966292134831461, "support": 40.0}, "42.0": {"precision": 0.9642857142857143, "recall": 0.675, "f1-score": 0.7941176470588235, "support": 40.0}, "44.0": {"precision": 0.6724137931034483, "recall": 0.975, "f1-score": 0.7959183673469388, "support": 40.0}, "45.0": {"precision": 0.6140350877192983, "recall": 0.875, "f1-score": 0.7216494845360825, "support": 40.0}, "47.0": {"precision": 1.0, "recall": 0.325, "f1-score": 0.49056603773584906, "support": 40.0}, "48.0": {"precision": 0.4067796610169492, "recall": 0.6, "f1-score": 0.48484848484848486, "support": 40.0}, "50.0": {"precision": 0.6, "recall": 0.15, "f1-score": 0.24, "support": 40.0}, "55.0": {"precision": 0.9523809523809523, "recall": 1.0, "f1-score": 0.975609756097561, "support": 40.0}, "57.0": {"precision": 0.8857142857142857, "recall": 0.775, "f1-score": 0.8266666666666667, "support": 40.0}, "60.0": {"precision": 0.7037037037037037, "recall": 0.95, "f1-score": 0.8085106382978723, "support": 40.0}, "62.0": {"precision": 0.5882352941176471, "recall": 0.25, "f1-score": 0.3508771929824561, "support": 40.0}, "63.0": {"precision": 0.5, "recall": 0.975, "f1-score": 0.6610169491525424, "support": 40.0}, "65.0": {"precision": 0.7441860465116279, "recall": 0.8, "f1-score": 0.7710843373493976, "support": 40.0}, "66.0": {"precision": 0.7777777777777778, "recall": 0.175, "f1-score": 0.2857142857142857, "support": 40.0}, "67.0": {"precision": 0.7352941176470589, "recall": 0.625, "f1-score": 0.6756756756756757, "support": 40.0}, "69.0": {"precision": 0.5416666666666666, "recall": 0.975, "f1-score": 0.6964285714285714, "support": 40.0}, "70.0": {"precision": 0.9375, "recall": 0.75, "f1-score": 0.8333333333333334, "support": 40.0}, "71.0": {"precision": 0.7, "recall": 0.7, "f1-score": 0.7, "support": 40.0}, "72.0": {"precision": 0.96875, "recall": 0.775, "f1-score": 0.8611111111111112, "support": 40.0}, "73.0": {"precision": 0.47619047619047616, "recall": 0.25, "f1-score": 0.32786885245901637, "support": 40.0}, "74.0": {"precision": 0.7272727272727273, "recall": 0.4, "f1-score": 0.5161290322580645, "support": 40.0}, "accuracy": 0.627, "macro avg": {"precision": 0.6723358488291429, "recall": 0.6269999999999999, "f1-score": 0.5990425778506038, "support": 2000.0}, "weighted avg": {"precision": 0.6857825658057257, "recall": 0.627, "f1-score": 0.6110234294076158, "support": 2000.0}}